,INSTRUMENT,TRADE_PRICE,TRADE_TIME
95,BVMF3,19.09,1900-01-01 10:05:00
96,BVMF3,19.13,1900-01-01 10:10:00
97,BVMF3,19.16,1900-01-01 10:15:00
98,BVMF3,19.17,1900-01-01 10:20:00
99,BVMF3,19.18,1900-01-01 10:25:00
100,BVMF3,19.27,1900-01-01 10:30:00
101,BVMF3,19.28,1900-01-01 10:35:00
102,BVMF3,19.25,1900-01-01 10:40:00
103,BVMF3,19.27,1900-01-01 10:45:00
104,BVMF3,19.28,1900-01-01 10:50:00
105,BVMF3,19.38,1900-01-01 10:55:00
106,BVMF3,19.44,1900-01-01 11:00:00
107,BVMF3,19.36,1900-01-01 11:05:00
108,BVMF3,19.44,1900-01-01 11:10:00
109,BVMF3,19.48,1900-01-01 11:15:00
110,BVMF3,19.48,1900-01-01 11:20:00
111,BVMF3,19.46,1900-01-01 11:25:00
112,BVMF3,19.49,1900-01-01 11:30:00
113,BVMF3,19.5,1900-01-01 11:35:00
114,BVMF3,19.51,1900-01-01 11:40:00
115,BVMF3,19.51,1900-01-01 11:45:00
116,BVMF3,19.51,1900-01-01 11:50:00
117,BVMF3,19.52,1900-01-01 11:55:00
118,BVMF3,19.51,1900-01-01 12:00:00
119,BVMF3,19.51,1900-01-01 12:05:00
120,BVMF3,19.5,1900-01-01 12:10:00
121,BVMF3,19.53,1900-01-01 12:15:00
122,BVMF3,19.56,1900-01-01 12:20:00
123,BVMF3,19.53,1900-01-01 12:25:00
124,BVMF3,19.54,1900-01-01 12:30:00
125,BVMF3,19.55,1900-01-01 12:35:00
126,BVMF3,19.54,1900-01-01 12:40:00
127,BVMF3,19.56,1900-01-01 12:45:00
128,BVMF3,19.55,1900-01-01 12:50:00
129,BVMF3,19.54,1900-01-01 12:55:00
130,BVMF3,19.53,1900-01-01 13:00:00
131,BVMF3,19.5,1900-01-01 13:05:00
132,BVMF3,19.5,1900-01-01 13:10:00
133,BVMF3,19.5,1900-01-01 13:15:00
134,BVMF3,19.47,1900-01-01 13:20:00
135,BVMF3,19.49,1900-01-01 13:25:00
136,BVMF3,19.53,1900-01-01 13:30:00
137,BVMF3,19.55,1900-01-01 13:35:00
138,BVMF3,19.55,1900-01-01 13:40:00
139,BVMF3,19.5,1900-01-01 13:45:00
140,BVMF3,19.48,1900-01-01 13:50:00
141,BVMF3,19.46,1900-01-01 13:55:00
142,BVMF3,19.45,1900-01-01 14:00:00
143,BVMF3,19.5,1900-01-01 14:05:00
144,BVMF3,19.54,1900-01-01 14:10:00
145,BVMF3,19.46,1900-01-01 14:15:00
146,BVMF3,19.43,1900-01-01 14:20:00
147,BVMF3,19.43,1900-01-01 14:25:00
148,BVMF3,19.44,1900-01-01 14:30:00
149,BVMF3,19.41,1900-01-01 14:35:00
150,BVMF3,19.45,1900-01-01 14:40:00
151,BVMF3,19.45,1900-01-01 14:45:00
152,BVMF3,19.5,1900-01-01 14:50:00
153,BVMF3,19.52,1900-01-01 14:55:00
154,BVMF3,19.53,1900-01-01 15:00:00
155,BVMF3,19.55,1900-01-01 15:05:00
156,BVMF3,19.55,1900-01-01 15:10:00
157,BVMF3,19.59,1900-01-01 15:15:00
158,BVMF3,19.58,1900-01-01 15:20:00
159,BVMF3,19.6,1900-01-01 15:25:00
160,BVMF3,19.59,1900-01-01 15:30:00
161,BVMF3,19.59,1900-01-01 15:35:00
162,BVMF3,19.56,1900-01-01 15:40:00
163,BVMF3,19.55,1900-01-01 15:45:00
164,BVMF3,19.59,1900-01-01 15:50:00
165,BVMF3,19.56,1900-01-01 15:55:00
166,BVMF3,19.51,1900-01-01 16:00:00
167,BVMF3,19.49,1900-01-01 16:05:00
168,BVMF3,19.49,1900-01-01 16:10:00
169,BVMF3,19.55,1900-01-01 16:15:00
170,BVMF3,19.52,1900-01-01 16:20:00
171,BVMF3,19.49,1900-01-01 16:25:00
172,BVMF3,19.5,1900-01-01 16:30:00
173,BVMF3,19.52,1900-01-01 16:35:00
174,BVMF3,19.57,1900-01-01 16:40:00
175,BVMF3,19.5,1900-01-01 16:45:00
176,BVMF3,19.48,1900-01-01 16:50:00
177,BVMF3,19.48,1900-01-01 16:55:00
178,BVMF3,19.48,1900-01-01 17:00:00
179,BVMF3,19.48,1900-01-01 17:05:00
180,BVMF3,19.55,1900-01-01 17:10:00
181,BVMF3,19.55,1900-01-01 17:15:00
182,BVMF3,19.55,1900-01-01 17:20:00
183,BVMF3,19.55,1900-01-01 17:25:00
184,BVMF3,19.55,1900-01-01 17:30:00
185,BVMF3,19.56,1900-01-01 17:35:00
186,BVMF3,19.56,1900-01-01 17:40:00
187,BVMF3,19.56,1900-01-01 17:45:00
188,BVMF3,19.56,1900-01-01 17:50:00
189,BVMF3,19.55,1900-01-01 17:55:00
190,BVMF3,19.55,1900-01-01 18:00:00
382,BVMF3,19.51,1900-01-01 10:05:00
383,BVMF3,19.44,1900-01-01 10:10:00
384,BVMF3,19.48,1900-01-01 10:15:00
385,BVMF3,19.49,1900-01-01 10:20:00
386,BVMF3,19.56,1900-01-01 10:25:00
387,BVMF3,19.55,1900-01-01 10:30:00
388,BVMF3,19.59,1900-01-01 10:35:00
389,BVMF3,19.6,1900-01-01 10:40:00
390,BVMF3,19.61,1900-01-01 10:45:00
391,BVMF3,19.61,1900-01-01 10:50:00
392,BVMF3,19.66,1900-01-01 10:55:00
393,BVMF3,19.65,1900-01-01 11:00:00
394,BVMF3,19.59,1900-01-01 11:05:00
395,BVMF3,19.57,1900-01-01 11:10:00
396,BVMF3,19.56,1900-01-01 11:15:00
397,BVMF3,19.57,1900-01-01 11:20:00
398,BVMF3,19.58,1900-01-01 11:25:00
399,BVMF3,19.58,1900-01-01 11:30:00
400,BVMF3,19.55,1900-01-01 11:35:00
401,BVMF3,19.61,1900-01-01 11:40:00
402,BVMF3,19.61,1900-01-01 11:45:00
403,BVMF3,19.6,1900-01-01 11:50:00
404,BVMF3,19.56,1900-01-01 11:55:00
405,BVMF3,19.55,1900-01-01 12:00:00
406,BVMF3,19.55,1900-01-01 12:05:00
407,BVMF3,19.56,1900-01-01 12:10:00
408,BVMF3,19.55,1900-01-01 12:15:00
409,BVMF3,19.53,1900-01-01 12:20:00
410,BVMF3,19.54,1900-01-01 12:25:00
411,BVMF3,19.53,1900-01-01 12:30:00
412,BVMF3,19.54,1900-01-01 12:35:00
413,BVMF3,19.54,1900-01-01 12:40:00
414,BVMF3,19.54,1900-01-01 12:45:00
415,BVMF3,19.55,1900-01-01 12:50:00
416,BVMF3,19.54,1900-01-01 12:55:00
417,BVMF3,19.54,1900-01-01 13:00:00
418,BVMF3,19.53,1900-01-01 13:05:00
419,BVMF3,19.52,1900-01-01 13:10:00
420,BVMF3,19.52,1900-01-01 13:15:00
421,BVMF3,19.51,1900-01-01 13:20:00
422,BVMF3,19.51,1900-01-01 13:25:00
423,BVMF3,19.51,1900-01-01 13:30:00
424,BVMF3,19.51,1900-01-01 13:35:00
425,BVMF3,19.51,1900-01-01 13:40:00
426,BVMF3,19.5,1900-01-01 13:45:00
427,BVMF3,19.47,1900-01-01 13:50:00
428,BVMF3,19.45,1900-01-01 13:55:00
429,BVMF3,19.44,1900-01-01 14:00:00
430,BVMF3,19.51,1900-01-01 14:05:00
431,BVMF3,19.53,1900-01-01 14:10:00
432,BVMF3,19.52,1900-01-01 14:15:00
433,BVMF3,19.5,1900-01-01 14:20:00
434,BVMF3,19.5,1900-01-01 14:25:00
435,BVMF3,19.48,1900-01-01 14:30:00
436,BVMF3,19.5,1900-01-01 14:35:00
437,BVMF3,19.52,1900-01-01 14:40:00
438,BVMF3,19.57,1900-01-01 14:45:00
439,BVMF3,19.57,1900-01-01 14:50:00
440,BVMF3,19.56,1900-01-01 14:55:00
441,BVMF3,19.54,1900-01-01 15:00:00
442,BVMF3,19.57,1900-01-01 15:05:00
443,BVMF3,19.55,1900-01-01 15:10:00
444,BVMF3,19.49,1900-01-01 15:15:00
445,BVMF3,19.46,1900-01-01 15:20:00
446,BVMF3,19.51,1900-01-01 15:25:00
447,BVMF3,19.49,1900-01-01 15:30:00
448,BVMF3,19.5,1900-01-01 15:35:00
449,BVMF3,19.52,1900-01-01 15:40:00
450,BVMF3,19.52,1900-01-01 15:45:00
451,BVMF3,19.55,1900-01-01 15:50:00
452,BVMF3,19.61,1900-01-01 15:55:00
453,BVMF3,19.59,1900-01-01 16:00:00
454,BVMF3,19.59,1900-01-01 16:05:00
455,BVMF3,19.61,1900-01-01 16:10:00
456,BVMF3,19.55,1900-01-01 16:15:00
457,BVMF3,19.51,1900-01-01 16:20:00
458,BVMF3,19.48,1900-01-01 16:25:00
459,BVMF3,19.49,1900-01-01 16:30:00
460,BVMF3,19.49,1900-01-01 16:35:00
461,BVMF3,19.52,1900-01-01 16:40:00
462,BVMF3,19.54,1900-01-01 16:45:00
463,BVMF3,19.52,1900-01-01 16:50:00
464,BVMF3,19.51,1900-01-01 16:55:00
465,BVMF3,19.51,1900-01-01 17:00:00
466,BVMF3,19.51,1900-01-01 17:05:00
467,BVMF3,19.51,1900-01-01 17:10:00
468,BVMF3,19.51,1900-01-01 17:15:00
469,BVMF3,19.51,1900-01-01 17:20:00
470,BVMF3,19.51,1900-01-01 17:25:00
471,BVMF3,19.51,1900-01-01 17:30:00
472,BVMF3,19.49,1900-01-01 17:35:00
473,BVMF3,19.49,1900-01-01 17:40:00
474,BVMF3,19.49,1900-01-01 17:45:00
475,BVMF3,19.52,1900-01-01 17:50:00
476,BVMF3,19.52,1900-01-01 17:55:00
477,BVMF3,19.52,1900-01-01 18:00:00
669,BVMF3,19.46,1900-01-01 10:05:00
670,BVMF3,19.43,1900-01-01 10:10:00
671,BVMF3,19.45,1900-01-01 10:15:00
672,BVMF3,19.49,1900-01-01 10:20:00
673,BVMF3,19.53,1900-01-01 10:25:00
674,BVMF3,19.5,1900-01-01 10:30:00
675,BVMF3,19.46,1900-01-01 10:35:00
676,BVMF3,19.45,1900-01-01 10:40:00
677,BVMF3,19.45,1900-01-01 10:45:00
678,BVMF3,19.52,1900-01-01 10:50:00
679,BVMF3,19.53,1900-01-01 10:55:00
680,BVMF3,19.49,1900-01-01 11:00:00
681,BVMF3,19.45,1900-01-01 11:05:00
682,BVMF3,19.45,1900-01-01 11:10:00
683,BVMF3,19.46,1900-01-01 11:15:00
684,BVMF3,19.42,1900-01-01 11:20:00
685,BVMF3,19.44,1900-01-01 11:25:00
686,BVMF3,19.44,1900-01-01 11:30:00
687,BVMF3,19.4,1900-01-01 11:35:00
688,BVMF3,19.4,1900-01-01 11:40:00
689,BVMF3,19.4,1900-01-01 11:45:00
690,BVMF3,19.41,1900-01-01 11:50:00
691,BVMF3,19.3,1900-01-01 11:55:00
692,BVMF3,19.22,1900-01-01 12:00:00
693,BVMF3,19.24,1900-01-01 12:05:00
694,BVMF3,19.29,1900-01-01 12:10:00
695,BVMF3,19.38,1900-01-01 12:15:00
696,BVMF3,19.33,1900-01-01 12:20:00
697,BVMF3,19.34,1900-01-01 12:25:00
698,BVMF3,19.37,1900-01-01 12:30:00
699,BVMF3,19.35,1900-01-01 12:35:00
700,BVMF3,19.38,1900-01-01 12:40:00
701,BVMF3,19.38,1900-01-01 12:45:00
702,BVMF3,19.37,1900-01-01 12:50:00
703,BVMF3,19.39,1900-01-01 12:55:00
704,BVMF3,19.37,1900-01-01 13:00:00
705,BVMF3,19.31,1900-01-01 13:05:00
706,BVMF3,19.3,1900-01-01 13:10:00
707,BVMF3,19.32,1900-01-01 13:15:00
708,BVMF3,19.3,1900-01-01 13:20:00
709,BVMF3,19.31,1900-01-01 13:25:00
710,BVMF3,19.3,1900-01-01 13:30:00
711,BVMF3,19.32,1900-01-01 13:35:00
712,BVMF3,19.3,1900-01-01 13:40:00
713,BVMF3,19.3,1900-01-01 13:45:00
714,BVMF3,19.29,1900-01-01 13:50:00
715,BVMF3,19.26,1900-01-01 13:55:00
716,BVMF3,19.27,1900-01-01 14:00:00
717,BVMF3,19.28,1900-01-01 14:05:00
718,BVMF3,19.31,1900-01-01 14:10:00
719,BVMF3,19.31,1900-01-01 14:15:00
720,BVMF3,19.31,1900-01-01 14:20:00
721,BVMF3,19.26,1900-01-01 14:25:00
722,BVMF3,19.27,1900-01-01 14:30:00
723,BVMF3,19.28,1900-01-01 14:35:00
724,BVMF3,19.29,1900-01-01 14:40:00
725,BVMF3,19.31,1900-01-01 14:45:00
726,BVMF3,19.32,1900-01-01 14:50:00
727,BVMF3,19.32,1900-01-01 14:55:00
728,BVMF3,19.29,1900-01-01 15:00:00
729,BVMF3,19.3,1900-01-01 15:05:00
730,BVMF3,19.28,1900-01-01 15:10:00
731,BVMF3,19.28,1900-01-01 15:15:00
732,BVMF3,19.24,1900-01-01 15:20:00
733,BVMF3,19.26,1900-01-01 15:25:00
734,BVMF3,19.26,1900-01-01 15:30:00
735,BVMF3,19.25,1900-01-01 15:35:00
736,BVMF3,19.28,1900-01-01 15:40:00
737,BVMF3,19.22,1900-01-01 15:45:00
738,BVMF3,19.27,1900-01-01 15:50:00
739,BVMF3,19.2,1900-01-01 15:55:00
740,BVMF3,19.16,1900-01-01 16:00:00
741,BVMF3,19.23,1900-01-01 16:05:00
742,BVMF3,19.27,1900-01-01 16:10:00
743,BVMF3,19.3,1900-01-01 16:15:00
744,BVMF3,19.35,1900-01-01 16:20:00
745,BVMF3,19.35,1900-01-01 16:25:00
746,BVMF3,19.34,1900-01-01 16:30:00
747,BVMF3,19.3,1900-01-01 16:35:00
748,BVMF3,19.26,1900-01-01 16:40:00
749,BVMF3,19.22,1900-01-01 16:45:00
750,BVMF3,19.2,1900-01-01 16:50:00
751,BVMF3,19.21,1900-01-01 16:55:00
752,BVMF3,19.21,1900-01-01 17:00:00
753,BVMF3,19.21,1900-01-01 17:05:00
754,BVMF3,19.3,1900-01-01 17:10:00
755,BVMF3,19.3,1900-01-01 17:15:00
756,BVMF3,19.3,1900-01-01 17:20:00
757,BVMF3,19.3,1900-01-01 17:25:00
758,BVMF3,19.3,1900-01-01 17:30:00
759,BVMF3,19.29,1900-01-01 17:35:00
760,BVMF3,19.29,1900-01-01 17:40:00
761,BVMF3,19.28,1900-01-01 17:45:00
762,BVMF3,19.29,1900-01-01 17:50:00
763,BVMF3,19.29,1900-01-01 17:55:00
764,BVMF3,19.3,1900-01-01 18:00:00
957,BVMF3,19.45,1900-01-01 10:05:00
958,BVMF3,19.45,1900-01-01 10:10:00
959,BVMF3,19.39,1900-01-01 10:15:00
960,BVMF3,19.39,1900-01-01 10:20:00
961,BVMF3,19.37,1900-01-01 10:25:00
962,BVMF3,19.44,1900-01-01 10:30:00
963,BVMF3,19.46,1900-01-01 10:35:00
964,BVMF3,19.41,1900-01-01 10:40:00
965,BVMF3,19.37,1900-01-01 10:45:00
966,BVMF3,19.39,1900-01-01 10:50:00
967,BVMF3,19.38,1900-01-01 10:55:00
968,BVMF3,19.4,1900-01-01 11:00:00
969,BVMF3,19.4,1900-01-01 11:05:00
970,BVMF3,19.4,1900-01-01 11:10:00
971,BVMF3,19.41,1900-01-01 11:15:00
972,BVMF3,19.41,1900-01-01 11:20:00
973,BVMF3,19.41,1900-01-01 11:25:00
974,BVMF3,19.43,1900-01-01 11:30:00
975,BVMF3,19.44,1900-01-01 11:35:00
976,BVMF3,19.43,1900-01-01 11:40:00
977,BVMF3,19.42,1900-01-01 11:45:00
978,BVMF3,19.42,1900-01-01 11:50:00
979,BVMF3,19.42,1900-01-01 11:55:00
980,BVMF3,19.42,1900-01-01 12:00:00
981,BVMF3,19.41,1900-01-01 12:05:00
982,BVMF3,19.4,1900-01-01 12:10:00
983,BVMF3,19.4,1900-01-01 12:15:00
984,BVMF3,19.42,1900-01-01 12:20:00
985,BVMF3,19.41,1900-01-01 12:25:00
986,BVMF3,19.42,1900-01-01 12:30:00
987,BVMF3,19.39,1900-01-01 12:35:00
988,BVMF3,19.41,1900-01-01 12:40:00
989,BVMF3,19.43,1900-01-01 12:45:00
990,BVMF3,19.44,1900-01-01 12:50:00
991,BVMF3,19.45,1900-01-01 12:55:00
992,BVMF3,19.45,1900-01-01 13:00:00
993,BVMF3,19.45,1900-01-01 13:05:00
994,BVMF3,19.43,1900-01-01 13:10:00
995,BVMF3,19.43,1900-01-01 13:15:00
996,BVMF3,19.42,1900-01-01 13:20:00
997,BVMF3,19.39,1900-01-01 13:25:00
998,BVMF3,19.39,1900-01-01 13:30:00
999,BVMF3,19.4,1900-01-01 13:35:00
1000,BVMF3,19.37,1900-01-01 13:40:00
1001,BVMF3,19.37,1900-01-01 13:45:00
1002,BVMF3,19.37,1900-01-01 13:50:00
1003,BVMF3,19.35,1900-01-01 13:55:00
1004,BVMF3,19.38,1900-01-01 14:00:00
1005,BVMF3,19.37,1900-01-01 14:05:00
1006,BVMF3,19.37,1900-01-01 14:10:00
1007,BVMF3,19.35,1900-01-01 14:15:00
1008,BVMF3,19.38,1900-01-01 14:20:00
1009,BVMF3,19.4,1900-01-01 14:25:00
1010,BVMF3,19.39,1900-01-01 14:30:00
1011,BVMF3,19.4,1900-01-01 14:35:00
1012,BVMF3,19.4,1900-01-01 14:40:00
1013,BVMF3,19.39,1900-01-01 14:45:00
1014,BVMF3,19.39,1900-01-01 14:50:00
1015,BVMF3,19.37,1900-01-01 14:55:00
1016,BVMF3,19.35,1900-01-01 15:00:00
1017,BVMF3,19.35,1900-01-01 15:05:00
1018,BVMF3,19.35,1900-01-01 15:10:00
1019,BVMF3,19.36,1900-01-01 15:15:00
1020,BVMF3,19.35,1900-01-01 15:20:00
1021,BVMF3,19.36,1900-01-01 15:25:00
1022,BVMF3,19.37,1900-01-01 15:30:00
1023,BVMF3,19.36,1900-01-01 15:35:00
1024,BVMF3,19.36,1900-01-01 15:40:00
1025,BVMF3,19.36,1900-01-01 15:45:00
1026,BVMF3,19.37,1900-01-01 15:50:00
1027,BVMF3,19.36,1900-01-01 15:55:00
1028,BVMF3,19.36,1900-01-01 16:00:00
1029,BVMF3,19.36,1900-01-01 16:05:00
1030,BVMF3,19.36,1900-01-01 16:10:00
1031,BVMF3,19.38,1900-01-01 16:15:00
1032,BVMF3,19.39,1900-01-01 16:20:00
1033,BVMF3,19.36,1900-01-01 16:25:00
1034,BVMF3,19.38,1900-01-01 16:30:00
1035,BVMF3,19.39,1900-01-01 16:35:00
1036,BVMF3,19.41,1900-01-01 16:40:00
1037,BVMF3,19.42,1900-01-01 16:45:00
1038,BVMF3,19.43,1900-01-01 16:50:00
1039,BVMF3,19.4,1900-01-01 16:55:00
1040,BVMF3,19.4,1900-01-01 17:00:00
1041,BVMF3,19.4,1900-01-01 17:05:00
1042,BVMF3,19.45,1900-01-01 17:10:00
1043,BVMF3,19.45,1900-01-01 17:15:00
1044,BVMF3,19.45,1900-01-01 17:20:00
1045,BVMF3,19.45,1900-01-01 17:25:00
1046,BVMF3,19.45,1900-01-01 17:30:00
1047,BVMF3,19.4,1900-01-01 17:35:00
1048,BVMF3,19.38,1900-01-01 17:40:00
1049,BVMF3,19.38,1900-01-01 17:45:00
1050,BVMF3,19.38,1900-01-01 17:50:00
1051,BVMF3,19.38,1900-01-01 17:55:00
1052,BVMF3,19.39,1900-01-01 18:00:00
1245,BVMF3,19.41,1900-01-01 10:05:00
1246,BVMF3,19.42,1900-01-01 10:10:00
1247,BVMF3,19.38,1900-01-01 10:15:00
1248,BVMF3,19.35,1900-01-01 10:20:00
1249,BVMF3,19.38,1900-01-01 10:25:00
1250,BVMF3,19.38,1900-01-01 10:30:00
1251,BVMF3,19.4,1900-01-01 10:35:00
1252,BVMF3,19.42,1900-01-01 10:40:00
1253,BVMF3,19.47,1900-01-01 10:45:00
1254,BVMF3,19.47,1900-01-01 10:50:00
1255,BVMF3,19.46,1900-01-01 10:55:00
1256,BVMF3,19.47,1900-01-01 11:00:00
1257,BVMF3,19.47,1900-01-01 11:05:00
1258,BVMF3,19.43,1900-01-01 11:10:00
1259,BVMF3,19.4,1900-01-01 11:15:00
1260,BVMF3,19.42,1900-01-01 11:20:00
1261,BVMF3,19.43,1900-01-01 11:25:00
1262,BVMF3,19.45,1900-01-01 11:30:00
1263,BVMF3,19.55,1900-01-01 11:35:00
1264,BVMF3,19.48,1900-01-01 11:40:00
1265,BVMF3,19.5,1900-01-01 11:45:00
1266,BVMF3,19.46,1900-01-01 11:50:00
1267,BVMF3,19.45,1900-01-01 11:55:00
1268,BVMF3,19.45,1900-01-01 12:00:00
1269,BVMF3,19.45,1900-01-01 12:05:00
1270,BVMF3,19.45,1900-01-01 12:10:00
1271,BVMF3,19.45,1900-01-01 12:15:00
1272,BVMF3,19.45,1900-01-01 12:20:00
1273,BVMF3,19.45,1900-01-01 12:25:00
1274,BVMF3,19.45,1900-01-01 12:30:00
1275,BVMF3,19.47,1900-01-01 12:35:00
1276,BVMF3,19.45,1900-01-01 12:40:00
1277,BVMF3,19.45,1900-01-01 12:45:00
1278,BVMF3,19.38,1900-01-01 12:50:00
1279,BVMF3,19.33,1900-01-01 12:55:00
1280,BVMF3,19.36,1900-01-01 13:00:00
1281,BVMF3,19.38,1900-01-01 13:05:00
1282,BVMF3,19.38,1900-01-01 13:10:00
1283,BVMF3,19.35,1900-01-01 13:15:00
1284,BVMF3,19.35,1900-01-01 13:20:00
1285,BVMF3,19.35,1900-01-01 13:25:00
1286,BVMF3,19.33,1900-01-01 13:30:00
1287,BVMF3,19.35,1900-01-01 13:35:00
1288,BVMF3,19.35,1900-01-01 13:40:00
1289,BVMF3,19.35,1900-01-01 13:45:00
1290,BVMF3,19.36,1900-01-01 13:50:00
1291,BVMF3,19.35,1900-01-01 13:55:00
1292,BVMF3,19.35,1900-01-01 14:00:00
1293,BVMF3,19.35,1900-01-01 14:05:00
1294,BVMF3,19.31,1900-01-01 14:10:00
1295,BVMF3,19.35,1900-01-01 14:15:00
1296,BVMF3,19.36,1900-01-01 14:20:00
1297,BVMF3,19.34,1900-01-01 14:25:00
1298,BVMF3,19.3,1900-01-01 14:30:00
1299,BVMF3,19.32,1900-01-01 14:35:00
1300,BVMF3,19.31,1900-01-01 14:40:00
1301,BVMF3,19.3,1900-01-01 14:45:00
1302,BVMF3,19.29,1900-01-01 14:50:00
1303,BVMF3,19.32,1900-01-01 14:55:00
1304,BVMF3,19.32,1900-01-01 15:00:00
1305,BVMF3,19.3,1900-01-01 15:05:00
1306,BVMF3,19.31,1900-01-01 15:10:00
1307,BVMF3,19.29,1900-01-01 15:15:00
1308,BVMF3,19.28,1900-01-01 15:20:00
1309,BVMF3,19.31,1900-01-01 15:25:00
1310,BVMF3,19.3,1900-01-01 15:30:00
1311,BVMF3,19.3,1900-01-01 15:35:00
1312,BVMF3,19.32,1900-01-01 15:40:00
1313,BVMF3,19.33,1900-01-01 15:45:00
1314,BVMF3,19.36,1900-01-01 15:50:00
1315,BVMF3,19.36,1900-01-01 15:55:00
1316,BVMF3,19.36,1900-01-01 16:00:00
1317,BVMF3,19.38,1900-01-01 16:05:00
1318,BVMF3,19.33,1900-01-01 16:10:00
1319,BVMF3,19.33,1900-01-01 16:15:00
1320,BVMF3,19.33,1900-01-01 16:20:00
1321,BVMF3,19.33,1900-01-01 16:25:00
1322,BVMF3,19.34,1900-01-01 16:30:00
1323,BVMF3,19.35,1900-01-01 16:35:00
1324,BVMF3,19.37,1900-01-01 16:40:00
1325,BVMF3,19.37,1900-01-01 16:45:00
1326,BVMF3,19.36,1900-01-01 16:50:00
1327,BVMF3,19.38,1900-01-01 16:55:00
1328,BVMF3,19.38,1900-01-01 17:00:00
1329,BVMF3,19.38,1900-01-01 17:05:00
1330,BVMF3,19.4,1900-01-01 17:10:00
1331,BVMF3,19.4,1900-01-01 17:15:00
1332,BVMF3,19.4,1900-01-01 17:20:00
1333,BVMF3,19.4,1900-01-01 17:25:00
1334,BVMF3,19.4,1900-01-01 17:30:00
1335,BVMF3,19.38,1900-01-01 17:35:00
1336,BVMF3,19.38,1900-01-01 17:40:00
1337,BVMF3,19.4,1900-01-01 17:45:00
1338,BVMF3,19.4,1900-01-01 17:50:00
1339,BVMF3,19.4,1900-01-01 17:55:00
1531,BVMF3,19.43,1900-01-01 10:05:00
1532,BVMF3,19.46,1900-01-01 10:10:00
1533,BVMF3,19.48,1900-01-01 10:15:00
1534,BVMF3,19.48,1900-01-01 10:20:00
1535,BVMF3,19.48,1900-01-01 10:25:00
1536,BVMF3,19.44,1900-01-01 10:30:00
1537,BVMF3,19.49,1900-01-01 10:35:00
1538,BVMF3,19.49,1900-01-01 10:40:00
1539,BVMF3,19.45,1900-01-01 10:45:00
1540,BVMF3,19.47,1900-01-01 10:50:00
1541,BVMF3,19.48,1900-01-01 10:55:00
1542,BVMF3,19.46,1900-01-01 11:00:00
1543,BVMF3,19.46,1900-01-01 11:05:00
1544,BVMF3,19.47,1900-01-01 11:10:00
1545,BVMF3,19.47,1900-01-01 11:15:00
1546,BVMF3,19.45,1900-01-01 11:20:00
1547,BVMF3,19.46,1900-01-01 11:25:00
1548,BVMF3,19.46,1900-01-01 11:30:00
1549,BVMF3,19.46,1900-01-01 11:35:00
1550,BVMF3,19.46,1900-01-01 11:40:00
1551,BVMF3,19.48,1900-01-01 11:45:00
1552,BVMF3,19.48,1900-01-01 11:50:00
1553,BVMF3,19.48,1900-01-01 11:55:00
1554,BVMF3,19.5,1900-01-01 12:00:00
1555,BVMF3,19.5,1900-01-01 12:05:00
1556,BVMF3,19.55,1900-01-01 12:10:00
1557,BVMF3,19.58,1900-01-01 12:15:00
1558,BVMF3,19.64,1900-01-01 12:20:00
1559,BVMF3,19.62,1900-01-01 12:25:00
1560,BVMF3,19.64,1900-01-01 12:30:00
1561,BVMF3,19.61,1900-01-01 12:35:00
1562,BVMF3,19.56,1900-01-01 12:40:00
1563,BVMF3,19.52,1900-01-01 12:45:00
1564,BVMF3,19.5,1900-01-01 12:50:00
1565,BVMF3,19.53,1900-01-01 12:55:00
1566,BVMF3,19.54,1900-01-01 13:00:00
1567,BVMF3,19.57,1900-01-01 13:05:00
1568,BVMF3,19.53,1900-01-01 13:10:00
1569,BVMF3,19.57,1900-01-01 13:15:00
1570,BVMF3,19.56,1900-01-01 13:20:00
1571,BVMF3,19.55,1900-01-01 13:25:00
1572,BVMF3,19.56,1900-01-01 13:30:00
1573,BVMF3,19.56,1900-01-01 13:35:00
1574,BVMF3,19.59,1900-01-01 13:40:00
1575,BVMF3,19.56,1900-01-01 13:45:00
1576,BVMF3,19.57,1900-01-01 13:50:00
1577,BVMF3,19.56,1900-01-01 13:55:00
1578,BVMF3,19.59,1900-01-01 14:00:00
1579,BVMF3,19.57,1900-01-01 14:05:00
1580,BVMF3,19.58,1900-01-01 14:10:00
1581,BVMF3,19.6,1900-01-01 14:15:00
1582,BVMF3,19.58,1900-01-01 14:20:00
1583,BVMF3,19.57,1900-01-01 14:25:00
1584,BVMF3,19.57,1900-01-01 14:30:00
1585,BVMF3,19.56,1900-01-01 14:35:00
1586,BVMF3,19.57,1900-01-01 14:40:00
1587,BVMF3,19.56,1900-01-01 14:45:00
1588,BVMF3,19.55,1900-01-01 14:50:00
1589,BVMF3,19.55,1900-01-01 14:55:00
1590,BVMF3,19.56,1900-01-01 15:00:00
1591,BVMF3,19.54,1900-01-01 15:05:00
1592,BVMF3,19.54,1900-01-01 15:10:00
1593,BVMF3,19.54,1900-01-01 15:15:00
1594,BVMF3,19.55,1900-01-01 15:20:00
1595,BVMF3,19.54,1900-01-01 15:25:00
1596,BVMF3,19.53,1900-01-01 15:30:00
1597,BVMF3,19.55,1900-01-01 15:35:00
1598,BVMF3,19.53,1900-01-01 15:40:00
1599,BVMF3,19.52,1900-01-01 15:45:00
1600,BVMF3,19.54,1900-01-01 15:50:00
1601,BVMF3,19.53,1900-01-01 15:55:00
1602,BVMF3,19.52,1900-01-01 16:00:00
1603,BVMF3,19.53,1900-01-01 16:05:00
1604,BVMF3,19.54,1900-01-01 16:10:00
1605,BVMF3,19.53,1900-01-01 16:15:00
1606,BVMF3,19.52,1900-01-01 16:20:00
1607,BVMF3,19.53,1900-01-01 16:25:00
1608,BVMF3,19.53,1900-01-01 16:30:00
1609,BVMF3,19.5,1900-01-01 16:35:00
1610,BVMF3,19.49,1900-01-01 16:40:00
1611,BVMF3,19.48,1900-01-01 16:45:00
1612,BVMF3,19.44,1900-01-01 16:50:00
1613,BVMF3,19.46,1900-01-01 16:55:00
1614,BVMF3,19.46,1900-01-01 17:00:00
1615,BVMF3,19.46,1900-01-01 17:05:00
1616,BVMF3,19.48,1900-01-01 17:10:00
1617,BVMF3,19.48,1900-01-01 17:15:00
1618,BVMF3,19.48,1900-01-01 17:20:00
1619,BVMF3,19.48,1900-01-01 17:25:00
1620,BVMF3,19.48,1900-01-01 17:30:00
1621,BVMF3,19.53,1900-01-01 17:35:00
1622,BVMF3,19.5,1900-01-01 17:40:00
1814,BVMF3,19.75,1900-01-01 10:10:00
1815,BVMF3,19.8,1900-01-01 10:15:00
1816,BVMF3,19.85,1900-01-01 10:20:00
1817,BVMF3,19.84,1900-01-01 10:25:00
1818,BVMF3,19.92,1900-01-01 10:30:00
1819,BVMF3,19.92,1900-01-01 10:35:00
1820,BVMF3,19.92,1900-01-01 10:40:00
1821,BVMF3,19.93,1900-01-01 10:45:00
1822,BVMF3,19.92,1900-01-01 10:50:00
1823,BVMF3,19.88,1900-01-01 10:55:00
1824,BVMF3,19.84,1900-01-01 11:00:00
1825,BVMF3,19.83,1900-01-01 11:05:00
1826,BVMF3,19.83,1900-01-01 11:10:00
1827,BVMF3,19.85,1900-01-01 11:15:00
1828,BVMF3,19.85,1900-01-01 11:20:00
1829,BVMF3,19.87,1900-01-01 11:25:00
1830,BVMF3,19.88,1900-01-01 11:30:00
1831,BVMF3,19.98,1900-01-01 11:35:00
1832,BVMF3,19.97,1900-01-01 11:40:00
1833,BVMF3,19.93,1900-01-01 11:45:00
1834,BVMF3,19.92,1900-01-01 11:50:00
1835,BVMF3,19.94,1900-01-01 11:55:00
1836,BVMF3,19.92,1900-01-01 12:00:00
1837,BVMF3,19.95,1900-01-01 12:05:00
1838,BVMF3,19.96,1900-01-01 12:10:00
1839,BVMF3,19.96,1900-01-01 12:15:00
1840,BVMF3,19.95,1900-01-01 12:20:00
1841,BVMF3,19.95,1900-01-01 12:25:00
1842,BVMF3,19.95,1900-01-01 12:30:00
1843,BVMF3,19.94,1900-01-01 12:35:00
1844,BVMF3,19.95,1900-01-01 12:40:00
1845,BVMF3,19.95,1900-01-01 12:45:00
1846,BVMF3,19.94,1900-01-01 12:50:00
1847,BVMF3,19.95,1900-01-01 12:55:00
1848,BVMF3,19.93,1900-01-01 13:00:00
1849,BVMF3,19.94,1900-01-01 13:05:00
1850,BVMF3,19.94,1900-01-01 13:10:00
1851,BVMF3,19.93,1900-01-01 13:15:00
1852,BVMF3,19.95,1900-01-01 13:20:00
1853,BVMF3,19.93,1900-01-01 13:25:00
1854,BVMF3,19.93,1900-01-01 13:30:00
1855,BVMF3,19.95,1900-01-01 13:35:00
1856,BVMF3,19.99,1900-01-01 13:40:00
1857,BVMF3,19.99,1900-01-01 13:45:00
1858,BVMF3,20.02,1900-01-01 13:50:00
1859,BVMF3,20.04,1900-01-01 13:55:00
1860,BVMF3,20.06,1900-01-01 14:00:00
1861,BVMF3,20.06,1900-01-01 14:05:00
1862,BVMF3,20.03,1900-01-01 14:10:00
1863,BVMF3,20.01,1900-01-01 14:15:00
1864,BVMF3,20.01,1900-01-01 14:20:00
1865,BVMF3,20.03,1900-01-01 14:25:00
1866,BVMF3,19.98,1900-01-01 14:30:00
1867,BVMF3,19.93,1900-01-01 14:35:00
1868,BVMF3,19.86,1900-01-01 14:40:00
1869,BVMF3,19.85,1900-01-01 14:45:00
1870,BVMF3,19.87,1900-01-01 14:50:00
1871,BVMF3,19.9,1900-01-01 14:55:00
1872,BVMF3,19.95,1900-01-01 15:00:00
1873,BVMF3,19.96,1900-01-01 15:05:00
1874,BVMF3,19.98,1900-01-01 15:10:00
1875,BVMF3,19.95,1900-01-01 15:15:00
1876,BVMF3,19.94,1900-01-01 15:20:00
1877,BVMF3,19.94,1900-01-01 15:25:00
1878,BVMF3,19.95,1900-01-01 15:30:00
1879,BVMF3,19.96,1900-01-01 15:35:00
1880,BVMF3,19.96,1900-01-01 15:40:00
1881,BVMF3,19.97,1900-01-01 15:45:00
1882,BVMF3,19.98,1900-01-01 15:50:00
1883,BVMF3,19.98,1900-01-01 15:55:00
1884,BVMF3,19.96,1900-01-01 16:00:00
1885,BVMF3,19.94,1900-01-01 16:05:00
1886,BVMF3,19.94,1900-01-01 16:10:00
1887,BVMF3,19.93,1900-01-01 16:15:00
1888,BVMF3,19.91,1900-01-01 16:20:00
1889,BVMF3,19.92,1900-01-01 16:25:00
1890,BVMF3,19.9,1900-01-01 16:30:00
1891,BVMF3,19.91,1900-01-01 16:35:00
1892,BVMF3,19.92,1900-01-01 16:40:00
1893,BVMF3,19.96,1900-01-01 16:45:00
1894,BVMF3,19.91,1900-01-01 16:50:00
1895,BVMF3,19.9,1900-01-01 16:55:00
1896,BVMF3,19.9,1900-01-01 17:00:00
1897,BVMF3,19.9,1900-01-01 17:05:00
1898,BVMF3,19.91,1900-01-01 17:10:00
1899,BVMF3,19.91,1900-01-01 17:15:00
1900,BVMF3,19.91,1900-01-01 17:20:00
1901,BVMF3,19.91,1900-01-01 17:25:00
1902,BVMF3,19.91,1900-01-01 17:30:00
1903,BVMF3,19.88,1900-01-01 17:35:00
1904,BVMF3,19.91,1900-01-01 17:40:00
1905,BVMF3,19.93,1900-01-01 17:45:00
1906,BVMF3,19.96,1900-01-01 17:50:00
1907,BVMF3,20.0,1900-01-01 17:55:00
2099,BVMF3,19.99,1900-01-01 10:05:00
2100,BVMF3,20.0,1900-01-01 10:10:00
2101,BVMF3,19.96,1900-01-01 10:15:00
2102,BVMF3,19.92,1900-01-01 10:20:00
2103,BVMF3,19.92,1900-01-01 10:25:00
2104,BVMF3,19.93,1900-01-01 10:30:00
2105,BVMF3,19.98,1900-01-01 10:35:00
2106,BVMF3,19.91,1900-01-01 10:40:00
2107,BVMF3,19.89,1900-01-01 10:45:00
2108,BVMF3,19.93,1900-01-01 10:50:00
2109,BVMF3,19.88,1900-01-01 10:55:00
2110,BVMF3,19.91,1900-01-01 11:00:00
2111,BVMF3,19.89,1900-01-01 11:05:00
2112,BVMF3,19.92,1900-01-01 11:10:00
2113,BVMF3,19.99,1900-01-01 11:15:00
2114,BVMF3,19.9,1900-01-01 11:20:00
2115,BVMF3,19.9,1900-01-01 11:25:00
2116,BVMF3,19.91,1900-01-01 11:30:00
2117,BVMF3,19.92,1900-01-01 11:35:00
2118,BVMF3,19.93,1900-01-01 11:40:00
2119,BVMF3,19.92,1900-01-01 11:45:00
2120,BVMF3,19.95,1900-01-01 11:50:00
2121,BVMF3,20.0,1900-01-01 11:55:00
2122,BVMF3,19.98,1900-01-01 12:00:00
2123,BVMF3,19.98,1900-01-01 12:05:00
2124,BVMF3,19.97,1900-01-01 12:10:00
2125,BVMF3,19.97,1900-01-01 12:15:00
2126,BVMF3,19.96,1900-01-01 12:20:00
2127,BVMF3,19.96,1900-01-01 12:25:00
2128,BVMF3,19.96,1900-01-01 12:30:00
2129,BVMF3,19.97,1900-01-01 12:35:00
2130,BVMF3,19.99,1900-01-01 12:40:00
2131,BVMF3,20.0,1900-01-01 12:45:00
2132,BVMF3,19.97,1900-01-01 12:50:00
2133,BVMF3,19.96,1900-01-01 12:55:00
2134,BVMF3,19.97,1900-01-01 13:00:00
2135,BVMF3,20.0,1900-01-01 13:05:00
2136,BVMF3,20.01,1900-01-01 13:10:00
2137,BVMF3,20.06,1900-01-01 13:15:00
2138,BVMF3,20.04,1900-01-01 13:20:00
2139,BVMF3,20.07,1900-01-01 13:25:00
2140,BVMF3,20.03,1900-01-01 13:30:00
2141,BVMF3,20.03,1900-01-01 13:35:00
2142,BVMF3,20.06,1900-01-01 13:40:00
2143,BVMF3,20.02,1900-01-01 13:45:00
2144,BVMF3,20.03,1900-01-01 13:50:00
2145,BVMF3,20.01,1900-01-01 13:55:00
2146,BVMF3,20.01,1900-01-01 14:00:00
2147,BVMF3,20.01,1900-01-01 14:05:00
2148,BVMF3,20.06,1900-01-01 14:10:00
2149,BVMF3,20.07,1900-01-01 14:15:00
2150,BVMF3,20.08,1900-01-01 14:20:00
2151,BVMF3,20.07,1900-01-01 14:25:00
2152,BVMF3,20.05,1900-01-01 14:30:00
2153,BVMF3,20.04,1900-01-01 14:35:00
2154,BVMF3,20.05,1900-01-01 14:40:00
2155,BVMF3,20.06,1900-01-01 14:45:00
2156,BVMF3,20.06,1900-01-01 14:50:00
2157,BVMF3,20.11,1900-01-01 14:55:00
2158,BVMF3,20.12,1900-01-01 15:00:00
2159,BVMF3,20.12,1900-01-01 15:05:00
2160,BVMF3,20.15,1900-01-01 15:10:00
2161,BVMF3,20.14,1900-01-01 15:15:00
2162,BVMF3,20.11,1900-01-01 15:20:00
2163,BVMF3,20.1,1900-01-01 15:25:00
2164,BVMF3,20.11,1900-01-01 15:30:00
2165,BVMF3,20.12,1900-01-01 15:35:00
2166,BVMF3,20.09,1900-01-01 15:40:00
2167,BVMF3,20.08,1900-01-01 15:45:00
2168,BVMF3,20.08,1900-01-01 15:50:00
2169,BVMF3,20.08,1900-01-01 15:55:00
2170,BVMF3,20.07,1900-01-01 16:00:00
2171,BVMF3,20.08,1900-01-01 16:05:00
2172,BVMF3,20.08,1900-01-01 16:10:00
2173,BVMF3,20.07,1900-01-01 16:15:00
2174,BVMF3,20.08,1900-01-01 16:20:00
2175,BVMF3,20.07,1900-01-01 16:25:00
2176,BVMF3,20.06,1900-01-01 16:30:00
2177,BVMF3,20.06,1900-01-01 16:35:00
2178,BVMF3,20.02,1900-01-01 16:40:00
2179,BVMF3,19.99,1900-01-01 16:45:00
2180,BVMF3,20.04,1900-01-01 16:50:00
2181,BVMF3,20.03,1900-01-01 16:55:00
2182,BVMF3,20.03,1900-01-01 17:00:00
2183,BVMF3,20.03,1900-01-01 17:05:00
2184,BVMF3,20.03,1900-01-01 17:10:00
2185,BVMF3,20.01,1900-01-01 17:15:00
2186,BVMF3,20.01,1900-01-01 17:20:00
2187,BVMF3,20.01,1900-01-01 17:25:00
2188,BVMF3,20.01,1900-01-01 17:30:00
2189,BVMF3,20.01,1900-01-01 17:35:00
2190,BVMF3,20.06,1900-01-01 17:40:00
2191,BVMF3,20.06,1900-01-01 17:45:00
2192,BVMF3,20.12,1900-01-01 17:50:00
2193,BVMF3,20.1,1900-01-01 17:55:00
2194,BVMF3,20.12,1900-01-01 18:00:00
2386,BVMF3,20.24,1900-01-01 10:05:00
2387,BVMF3,20.23,1900-01-01 10:10:00
2388,BVMF3,20.2,1900-01-01 10:15:00
2389,BVMF3,20.17,1900-01-01 10:20:00
2390,BVMF3,20.17,1900-01-01 10:25:00
2391,BVMF3,20.2,1900-01-01 10:30:00
2392,BVMF3,20.19,1900-01-01 10:35:00
2393,BVMF3,20.2,1900-01-01 10:40:00
2394,BVMF3,20.22,1900-01-01 10:45:00
2395,BVMF3,20.2,1900-01-01 10:50:00
2396,BVMF3,20.21,1900-01-01 10:55:00
2397,BVMF3,20.17,1900-01-01 11:00:00
2398,BVMF3,20.18,1900-01-01 11:05:00
2399,BVMF3,20.18,1900-01-01 11:10:00
2400,BVMF3,20.13,1900-01-01 11:15:00
2401,BVMF3,20.11,1900-01-01 11:20:00
2402,BVMF3,20.11,1900-01-01 11:25:00
2403,BVMF3,20.03,1900-01-01 11:30:00
2404,BVMF3,20.06,1900-01-01 11:35:00
2405,BVMF3,20.01,1900-01-01 11:40:00
2406,BVMF3,20.02,1900-01-01 11:45:00
2407,BVMF3,20.04,1900-01-01 11:50:00
2408,BVMF3,19.81,1900-01-01 11:55:00
2409,BVMF3,19.99,1900-01-01 12:00:00
2410,BVMF3,19.92,1900-01-01 12:05:00
2411,BVMF3,20.01,1900-01-01 12:10:00
2412,BVMF3,19.9,1900-01-01 12:15:00
2413,BVMF3,19.93,1900-01-01 12:20:00
2414,BVMF3,19.95,1900-01-01 12:25:00
2415,BVMF3,19.99,1900-01-01 12:30:00
2416,BVMF3,20.0,1900-01-01 12:35:00
2417,BVMF3,20.03,1900-01-01 12:40:00
2418,BVMF3,20.02,1900-01-01 12:45:00
2419,BVMF3,20.01,1900-01-01 12:50:00
2420,BVMF3,19.95,1900-01-01 12:55:00
2421,BVMF3,19.89,1900-01-01 13:00:00
2422,BVMF3,19.9,1900-01-01 13:05:00
2423,BVMF3,19.95,1900-01-01 13:10:00
2424,BVMF3,19.97,1900-01-01 13:15:00
2425,BVMF3,19.95,1900-01-01 13:20:00
2426,BVMF3,19.95,1900-01-01 13:25:00
2427,BVMF3,19.99,1900-01-01 13:30:00
2428,BVMF3,19.98,1900-01-01 13:35:00
2429,BVMF3,19.99,1900-01-01 13:40:00
2430,BVMF3,20.02,1900-01-01 13:45:00
2431,BVMF3,20.04,1900-01-01 13:50:00
2432,BVMF3,20.04,1900-01-01 13:55:00
2433,BVMF3,20.04,1900-01-01 14:00:00
2434,BVMF3,20.04,1900-01-01 14:05:00
2435,BVMF3,20.05,1900-01-01 14:10:00
2436,BVMF3,20.04,1900-01-01 14:15:00
2437,BVMF3,20.0,1900-01-01 14:20:00
2438,BVMF3,20.0,1900-01-01 14:25:00
2439,BVMF3,19.98,1900-01-01 14:30:00
2440,BVMF3,20.02,1900-01-01 14:35:00
2441,BVMF3,20.01,1900-01-01 14:40:00
2442,BVMF3,20.08,1900-01-01 14:45:00
2443,BVMF3,20.1,1900-01-01 14:50:00
2444,BVMF3,20.09,1900-01-01 14:55:00
2445,BVMF3,20.1,1900-01-01 15:00:00
2446,BVMF3,20.1,1900-01-01 15:05:00
2447,BVMF3,20.03,1900-01-01 15:10:00
2448,BVMF3,20.0,1900-01-01 15:15:00
2449,BVMF3,20.0,1900-01-01 15:20:00
2450,BVMF3,20.03,1900-01-01 15:25:00
2451,BVMF3,20.0,1900-01-01 15:30:00
2452,BVMF3,19.98,1900-01-01 15:35:00
2453,BVMF3,19.96,1900-01-01 15:40:00
2454,BVMF3,19.99,1900-01-01 15:45:00
2455,BVMF3,19.99,1900-01-01 15:50:00
2456,BVMF3,20.03,1900-01-01 15:55:00
2457,BVMF3,19.98,1900-01-01 16:00:00
2458,BVMF3,19.99,1900-01-01 16:05:00
2459,BVMF3,19.97,1900-01-01 16:10:00
2460,BVMF3,19.99,1900-01-01 16:15:00
2461,BVMF3,19.98,1900-01-01 16:20:00
2462,BVMF3,20.0,1900-01-01 16:25:00
2463,BVMF3,19.98,1900-01-01 16:30:00
2464,BVMF3,20.0,1900-01-01 16:35:00
2465,BVMF3,20.02,1900-01-01 16:40:00
2466,BVMF3,20.08,1900-01-01 16:45:00
2467,BVMF3,20.09,1900-01-01 16:50:00
2468,BVMF3,20.09,1900-01-01 16:55:00
2469,BVMF3,20.09,1900-01-01 17:00:00
2470,BVMF3,20.09,1900-01-01 17:05:00
2471,BVMF3,20.14,1900-01-01 17:10:00
2472,BVMF3,20.14,1900-01-01 17:15:00
2473,BVMF3,20.14,1900-01-01 17:20:00
2474,BVMF3,20.14,1900-01-01 17:25:00
2475,BVMF3,20.14,1900-01-01 17:30:00
2476,BVMF3,20.11,1900-01-01 17:35:00
2477,BVMF3,20.13,1900-01-01 17:40:00
2478,BVMF3,20.15,1900-01-01 17:45:00
2479,BVMF3,20.15,1900-01-01 17:50:00
2480,BVMF3,20.12,1900-01-01 17:55:00
2481,BVMF3,20.15,1900-01-01 18:00:00
2673,BVMF3,20.15,1900-01-01 10:10:00
2674,BVMF3,20.1,1900-01-01 10:15:00
2675,BVMF3,20.12,1900-01-01 10:20:00
2676,BVMF3,20.12,1900-01-01 10:25:00
2677,BVMF3,20.1,1900-01-01 10:30:00
2678,BVMF3,20.09,1900-01-01 10:35:00
2679,BVMF3,20.09,1900-01-01 10:40:00
2680,BVMF3,20.08,1900-01-01 10:45:00
2681,BVMF3,20.07,1900-01-01 10:50:00
2682,BVMF3,20.06,1900-01-01 10:55:00
2683,BVMF3,20.06,1900-01-01 11:00:00
2684,BVMF3,20.08,1900-01-01 11:05:00
2685,BVMF3,20.06,1900-01-01 11:10:00
2686,BVMF3,20.1,1900-01-01 11:15:00
2687,BVMF3,20.09,1900-01-01 11:20:00
2688,BVMF3,20.15,1900-01-01 11:25:00
2689,BVMF3,20.18,1900-01-01 11:30:00
2690,BVMF3,20.19,1900-01-01 11:35:00
2691,BVMF3,20.16,1900-01-01 11:40:00
2692,BVMF3,20.11,1900-01-01 11:45:00
2693,BVMF3,20.12,1900-01-01 11:50:00
2694,BVMF3,20.11,1900-01-01 11:55:00
2695,BVMF3,20.12,1900-01-01 12:00:00
2696,BVMF3,20.15,1900-01-01 12:05:00
2697,BVMF3,20.18,1900-01-01 12:10:00
2698,BVMF3,20.13,1900-01-01 12:15:00
2699,BVMF3,20.13,1900-01-01 12:20:00
2700,BVMF3,20.13,1900-01-01 12:25:00
2701,BVMF3,20.12,1900-01-01 12:30:00
2702,BVMF3,20.12,1900-01-01 12:35:00
2703,BVMF3,20.13,1900-01-01 12:40:00
2704,BVMF3,20.12,1900-01-01 12:45:00
2705,BVMF3,20.15,1900-01-01 12:50:00
2706,BVMF3,20.15,1900-01-01 12:55:00
2707,BVMF3,20.13,1900-01-01 13:00:00
2708,BVMF3,20.09,1900-01-01 13:05:00
2709,BVMF3,20.08,1900-01-01 13:10:00
2710,BVMF3,20.09,1900-01-01 13:15:00
2711,BVMF3,20.11,1900-01-01 13:20:00
2712,BVMF3,20.12,1900-01-01 13:25:00
2713,BVMF3,20.11,1900-01-01 13:30:00
2714,BVMF3,20.1,1900-01-01 13:35:00
2715,BVMF3,20.17,1900-01-01 13:40:00
2716,BVMF3,20.16,1900-01-01 13:45:00
2717,BVMF3,20.16,1900-01-01 13:50:00
2718,BVMF3,20.15,1900-01-01 13:55:00
2719,BVMF3,20.17,1900-01-01 14:00:00
2720,BVMF3,20.16,1900-01-01 14:05:00
2721,BVMF3,20.16,1900-01-01 14:10:00
2722,BVMF3,20.16,1900-01-01 14:15:00
2723,BVMF3,20.18,1900-01-01 14:20:00
2724,BVMF3,20.18,1900-01-01 14:25:00
2725,BVMF3,20.17,1900-01-01 14:30:00
2726,BVMF3,20.19,1900-01-01 14:35:00
2727,BVMF3,20.19,1900-01-01 14:40:00
2728,BVMF3,20.22,1900-01-01 14:45:00
2729,BVMF3,20.25,1900-01-01 14:50:00
2730,BVMF3,20.24,1900-01-01 14:55:00
2731,BVMF3,20.23,1900-01-01 15:00:00
2732,BVMF3,20.24,1900-01-01 15:05:00
2733,BVMF3,20.23,1900-01-01 15:10:00
2734,BVMF3,20.24,1900-01-01 15:15:00
2735,BVMF3,20.31,1900-01-01 15:20:00
2736,BVMF3,20.28,1900-01-01 15:25:00
2737,BVMF3,20.32,1900-01-01 15:30:00
2738,BVMF3,20.33,1900-01-01 15:35:00
2739,BVMF3,20.34,1900-01-01 15:40:00
2740,BVMF3,20.39,1900-01-01 15:45:00
2741,BVMF3,20.42,1900-01-01 15:50:00
2742,BVMF3,20.35,1900-01-01 15:55:00
2743,BVMF3,20.35,1900-01-01 16:00:00
2744,BVMF3,20.35,1900-01-01 16:05:00
2745,BVMF3,20.34,1900-01-01 16:10:00
2746,BVMF3,20.32,1900-01-01 16:15:00
2747,BVMF3,20.35,1900-01-01 16:20:00
2748,BVMF3,20.36,1900-01-01 16:25:00
2749,BVMF3,20.37,1900-01-01 16:30:00
2750,BVMF3,20.32,1900-01-01 16:35:00
2751,BVMF3,20.32,1900-01-01 16:40:00
2752,BVMF3,20.27,1900-01-01 16:45:00
2753,BVMF3,20.29,1900-01-01 16:50:00
2754,BVMF3,20.3,1900-01-01 16:55:00
2755,BVMF3,20.3,1900-01-01 17:00:00
2756,BVMF3,20.3,1900-01-01 17:05:00
2757,BVMF3,20.38,1900-01-01 17:10:00
2758,BVMF3,20.38,1900-01-01 17:15:00
2759,BVMF3,20.38,1900-01-01 17:20:00
2760,BVMF3,20.38,1900-01-01 17:25:00
2761,BVMF3,20.38,1900-01-01 17:30:00
2762,BVMF3,20.38,1900-01-01 17:35:00
2763,BVMF3,20.38,1900-01-01 17:40:00
2764,BVMF3,20.38,1900-01-01 17:45:00
2765,BVMF3,20.38,1900-01-01 17:50:00
2766,BVMF3,20.38,1900-01-01 17:55:00
2767,BVMF3,20.39,1900-01-01 18:00:00
2959,BVMF3,20.35,1900-01-01 10:05:00
2960,BVMF3,20.39,1900-01-01 10:10:00
2961,BVMF3,20.36,1900-01-01 10:15:00
2962,BVMF3,20.38,1900-01-01 10:20:00
2963,BVMF3,20.3,1900-01-01 10:25:00
2964,BVMF3,20.26,1900-01-01 10:30:00
2965,BVMF3,20.39,1900-01-01 10:35:00
2966,BVMF3,20.39,1900-01-01 10:40:00
2967,BVMF3,20.39,1900-01-01 10:45:00
2968,BVMF3,20.4,1900-01-01 10:50:00
2969,BVMF3,20.4,1900-01-01 10:55:00
2970,BVMF3,20.4,1900-01-01 11:00:00
2971,BVMF3,20.39,1900-01-01 11:05:00
2972,BVMF3,20.39,1900-01-01 11:10:00
2973,BVMF3,20.39,1900-01-01 11:15:00
2974,BVMF3,20.38,1900-01-01 11:20:00
2975,BVMF3,20.38,1900-01-01 11:25:00
2976,BVMF3,20.39,1900-01-01 11:30:00
2977,BVMF3,20.38,1900-01-01 11:35:00
2978,BVMF3,20.4,1900-01-01 11:40:00
2979,BVMF3,20.39,1900-01-01 11:45:00
2980,BVMF3,20.38,1900-01-01 11:50:00
2981,BVMF3,20.35,1900-01-01 11:55:00
2982,BVMF3,20.3,1900-01-01 12:00:00
2983,BVMF3,20.33,1900-01-01 12:05:00
2984,BVMF3,20.36,1900-01-01 12:10:00
2985,BVMF3,20.38,1900-01-01 12:15:00
2986,BVMF3,20.35,1900-01-01 12:20:00
2987,BVMF3,20.36,1900-01-01 12:25:00
2988,BVMF3,20.39,1900-01-01 12:30:00
2989,BVMF3,20.39,1900-01-01 12:35:00
2990,BVMF3,20.4,1900-01-01 12:40:00
2991,BVMF3,20.4,1900-01-01 12:45:00
2992,BVMF3,20.39,1900-01-01 12:50:00
2993,BVMF3,20.35,1900-01-01 12:55:00
2994,BVMF3,20.37,1900-01-01 13:00:00
2995,BVMF3,20.36,1900-01-01 13:05:00
2996,BVMF3,20.36,1900-01-01 13:10:00
2997,BVMF3,20.36,1900-01-01 13:15:00
2998,BVMF3,20.37,1900-01-01 13:20:00
2999,BVMF3,20.38,1900-01-01 13:25:00
3000,BVMF3,20.38,1900-01-01 13:30:00
3001,BVMF3,20.37,1900-01-01 13:35:00
3002,BVMF3,20.38,1900-01-01 13:40:00
3003,BVMF3,20.39,1900-01-01 13:45:00
3004,BVMF3,20.38,1900-01-01 13:50:00
3005,BVMF3,20.37,1900-01-01 13:55:00
3006,BVMF3,20.37,1900-01-01 14:00:00
3007,BVMF3,20.37,1900-01-01 14:05:00
3008,BVMF3,20.38,1900-01-01 14:10:00
3009,BVMF3,20.39,1900-01-01 14:15:00
3010,BVMF3,20.42,1900-01-01 14:20:00
3011,BVMF3,20.53,1900-01-01 14:25:00
3012,BVMF3,20.6,1900-01-01 14:30:00
3013,BVMF3,20.62,1900-01-01 14:35:00
3014,BVMF3,20.58,1900-01-01 14:40:00
3015,BVMF3,20.62,1900-01-01 14:45:00
3016,BVMF3,20.64,1900-01-01 14:50:00
3017,BVMF3,20.66,1900-01-01 14:55:00
3018,BVMF3,20.66,1900-01-01 15:00:00
3019,BVMF3,20.69,1900-01-01 15:05:00
3020,BVMF3,20.68,1900-01-01 15:10:00
3021,BVMF3,20.74,1900-01-01 15:15:00
3022,BVMF3,20.74,1900-01-01 15:20:00
3023,BVMF3,20.64,1900-01-01 15:25:00
3024,BVMF3,20.59,1900-01-01 15:30:00
3025,BVMF3,20.59,1900-01-01 15:35:00
3026,BVMF3,20.59,1900-01-01 15:40:00
3027,BVMF3,20.59,1900-01-01 15:45:00
3028,BVMF3,20.55,1900-01-01 15:50:00
3029,BVMF3,20.55,1900-01-01 15:55:00
3030,BVMF3,20.57,1900-01-01 16:00:00
3031,BVMF3,20.59,1900-01-01 16:05:00
3032,BVMF3,20.68,1900-01-01 16:10:00
3033,BVMF3,20.68,1900-01-01 16:15:00
3034,BVMF3,20.72,1900-01-01 16:20:00
3035,BVMF3,20.69,1900-01-01 16:25:00
3036,BVMF3,20.65,1900-01-01 16:30:00
3037,BVMF3,20.69,1900-01-01 16:35:00
3038,BVMF3,20.6,1900-01-01 16:40:00
3039,BVMF3,20.62,1900-01-01 16:45:00
3040,BVMF3,20.6,1900-01-01 16:50:00
3041,BVMF3,20.66,1900-01-01 16:55:00
3042,BVMF3,20.66,1900-01-01 17:00:00
3043,BVMF3,20.66,1900-01-01 17:05:00
3044,BVMF3,20.64,1900-01-01 17:10:00
3045,BVMF3,20.64,1900-01-01 17:15:00
3046,BVMF3,20.64,1900-01-01 17:20:00
3047,BVMF3,20.64,1900-01-01 17:25:00
3048,BVMF3,20.64,1900-01-01 17:30:00
3049,BVMF3,20.64,1900-01-01 17:35:00
3050,BVMF3,20.65,1900-01-01 17:40:00
3051,BVMF3,20.65,1900-01-01 17:45:00
3052,BVMF3,20.65,1900-01-01 17:50:00
3053,BVMF3,20.64,1900-01-01 17:55:00
3054,BVMF3,20.65,1900-01-01 18:00:00
3246,BVMF3,20.44,1900-01-01 10:05:00
3247,BVMF3,20.47,1900-01-01 10:10:00
3248,BVMF3,20.61,1900-01-01 10:15:00
3249,BVMF3,20.57,1900-01-01 10:20:00
3250,BVMF3,20.6,1900-01-01 10:25:00
3251,BVMF3,20.61,1900-01-01 10:30:00
3252,BVMF3,20.65,1900-01-01 10:35:00
3253,BVMF3,20.61,1900-01-01 10:40:00
3254,BVMF3,20.57,1900-01-01 10:45:00
3255,BVMF3,20.53,1900-01-01 10:50:00
3256,BVMF3,20.52,1900-01-01 10:55:00
3257,BVMF3,20.58,1900-01-01 11:00:00
3258,BVMF3,20.56,1900-01-01 11:05:00
3259,BVMF3,20.5,1900-01-01 11:10:00
3260,BVMF3,20.53,1900-01-01 11:15:00
3261,BVMF3,20.54,1900-01-01 11:20:00
3262,BVMF3,20.56,1900-01-01 11:25:00
3263,BVMF3,20.62,1900-01-01 11:30:00
3264,BVMF3,20.63,1900-01-01 11:35:00
3265,BVMF3,20.61,1900-01-01 11:40:00
3266,BVMF3,20.65,1900-01-01 11:45:00
3267,BVMF3,20.55,1900-01-01 11:50:00
3268,BVMF3,20.55,1900-01-01 11:55:00
3269,BVMF3,20.53,1900-01-01 12:00:00
3270,BVMF3,20.54,1900-01-01 12:05:00
3271,BVMF3,20.55,1900-01-01 12:10:00
3272,BVMF3,20.51,1900-01-01 12:15:00
3273,BVMF3,20.5,1900-01-01 12:20:00
3274,BVMF3,20.51,1900-01-01 12:25:00
3275,BVMF3,20.51,1900-01-01 12:30:00
3276,BVMF3,20.48,1900-01-01 12:35:00
3277,BVMF3,20.47,1900-01-01 12:40:00
3278,BVMF3,20.48,1900-01-01 12:45:00
3279,BVMF3,20.49,1900-01-01 12:50:00
3280,BVMF3,20.41,1900-01-01 12:55:00
3281,BVMF3,20.43,1900-01-01 13:00:00
3282,BVMF3,20.47,1900-01-01 13:05:00
3283,BVMF3,20.49,1900-01-01 13:10:00
3284,BVMF3,20.46,1900-01-01 13:15:00
3285,BVMF3,20.45,1900-01-01 13:20:00
3286,BVMF3,20.45,1900-01-01 13:25:00
3287,BVMF3,20.44,1900-01-01 13:30:00
3288,BVMF3,20.44,1900-01-01 13:35:00
3289,BVMF3,20.44,1900-01-01 13:40:00
3290,BVMF3,20.44,1900-01-01 13:45:00
3291,BVMF3,20.44,1900-01-01 13:50:00
3292,BVMF3,20.42,1900-01-01 13:55:00
3293,BVMF3,20.45,1900-01-01 14:00:00
3294,BVMF3,20.46,1900-01-01 14:05:00
3295,BVMF3,20.45,1900-01-01 14:10:00
3296,BVMF3,20.46,1900-01-01 14:15:00
3297,BVMF3,20.46,1900-01-01 14:20:00
3298,BVMF3,20.44,1900-01-01 14:25:00
3299,BVMF3,20.41,1900-01-01 14:30:00
3300,BVMF3,20.29,1900-01-01 14:35:00
3301,BVMF3,20.26,1900-01-01 14:40:00
3302,BVMF3,20.34,1900-01-01 14:45:00
3303,BVMF3,20.37,1900-01-01 14:50:00
3304,BVMF3,20.36,1900-01-01 14:55:00
3305,BVMF3,20.35,1900-01-01 15:00:00
3306,BVMF3,20.37,1900-01-01 15:05:00
3307,BVMF3,20.4,1900-01-01 15:10:00
3308,BVMF3,20.4,1900-01-01 15:15:00
3309,BVMF3,20.35,1900-01-01 15:20:00
3310,BVMF3,20.36,1900-01-01 15:25:00
3311,BVMF3,20.38,1900-01-01 15:30:00
3312,BVMF3,20.41,1900-01-01 15:35:00
3313,BVMF3,20.43,1900-01-01 15:40:00
3314,BVMF3,20.38,1900-01-01 15:45:00
3315,BVMF3,20.35,1900-01-01 15:50:00
3316,BVMF3,20.35,1900-01-01 15:55:00
3317,BVMF3,20.37,1900-01-01 16:00:00
3318,BVMF3,20.38,1900-01-01 16:05:00
3319,BVMF3,20.42,1900-01-01 16:10:00
3320,BVMF3,20.36,1900-01-01 16:15:00
3321,BVMF3,20.3,1900-01-01 16:20:00
3322,BVMF3,20.31,1900-01-01 16:25:00
3323,BVMF3,20.39,1900-01-01 16:30:00
3324,BVMF3,20.4,1900-01-01 16:35:00
3325,BVMF3,20.44,1900-01-01 16:40:00
3326,BVMF3,20.41,1900-01-01 16:45:00
3327,BVMF3,20.42,1900-01-01 16:50:00
3328,BVMF3,20.44,1900-01-01 16:55:00
3329,BVMF3,20.44,1900-01-01 17:00:00
3330,BVMF3,20.44,1900-01-01 17:05:00
3331,BVMF3,20.44,1900-01-01 17:10:00
3332,BVMF3,20.5,1900-01-01 17:15:00
3333,BVMF3,20.5,1900-01-01 17:20:00
3334,BVMF3,20.5,1900-01-01 17:25:00
3335,BVMF3,20.5,1900-01-01 17:30:00
3336,BVMF3,20.5,1900-01-01 17:35:00
3337,BVMF3,20.5,1900-01-01 17:40:00
3338,BVMF3,20.46,1900-01-01 17:45:00
3339,BVMF3,20.46,1900-01-01 17:50:00
3340,BVMF3,20.46,1900-01-01 17:55:00
3529,BVMF3,16.42,1900-01-01 10:20:00
3530,BVMF3,16.42,1900-01-01 10:25:00
3531,BVMF3,16.42,1900-01-01 10:30:00
3532,BVMF3,16.42,1900-01-01 10:35:00
3533,BVMF3,16.42,1900-01-01 10:40:00
3534,BVMF3,16.42,1900-01-01 10:45:00
3535,BVMF3,16.42,1900-01-01 10:50:00
3536,BVMF3,16.42,1900-01-01 10:55:00
3537,BVMF3,18.0,1900-01-01 11:00:00
3538,BVMF3,18.0,1900-01-01 11:05:00
3539,BVMF3,18.0,1900-01-01 11:10:00
3540,BVMF3,18.31,1900-01-01 11:15:00
3541,BVMF3,18.59,1900-01-01 11:20:00
3542,BVMF3,18.59,1900-01-01 11:25:00
3543,BVMF3,18.59,1900-01-01 11:30:00
3544,BVMF3,18.95,1900-01-01 11:35:00
3545,BVMF3,18.73,1900-01-01 11:40:00
3546,BVMF3,18.8,1900-01-01 11:45:00
3547,BVMF3,18.85,1900-01-01 11:50:00
3548,BVMF3,18.79,1900-01-01 11:55:00
3549,BVMF3,18.5,1900-01-01 12:00:00
3550,BVMF3,17.68,1900-01-01 12:05:00
3551,BVMF3,18.2,1900-01-01 12:10:00
3552,BVMF3,18.52,1900-01-01 12:15:00
3553,BVMF3,18.21,1900-01-01 12:20:00
3554,BVMF3,18.03,1900-01-01 12:25:00
3555,BVMF3,18.16,1900-01-01 12:30:00
3556,BVMF3,18.27,1900-01-01 12:35:00
3557,BVMF3,18.01,1900-01-01 12:40:00
3558,BVMF3,17.96,1900-01-01 12:45:00
3559,BVMF3,18.23,1900-01-01 12:50:00
3560,BVMF3,18.23,1900-01-01 12:55:00
3561,BVMF3,18.23,1900-01-01 13:00:00
3562,BVMF3,18.02,1900-01-01 13:05:00
3563,BVMF3,18.09,1900-01-01 13:10:00
3564,BVMF3,18.05,1900-01-01 13:15:00
3565,BVMF3,17.9,1900-01-01 13:20:00
3566,BVMF3,17.65,1900-01-01 13:25:00
3567,BVMF3,17.97,1900-01-01 13:30:00
3568,BVMF3,18.33,1900-01-01 13:35:00
3569,BVMF3,18.35,1900-01-01 13:40:00
3570,BVMF3,18.57,1900-01-01 13:45:00
3571,BVMF3,18.55,1900-01-01 13:50:00
3572,BVMF3,18.58,1900-01-01 13:55:00
3573,BVMF3,18.59,1900-01-01 14:00:00
3574,BVMF3,18.56,1900-01-01 14:05:00
3575,BVMF3,18.68,1900-01-01 14:10:00
3576,BVMF3,18.68,1900-01-01 14:15:00
3577,BVMF3,18.69,1900-01-01 14:20:00
3578,BVMF3,18.62,1900-01-01 14:25:00
3579,BVMF3,18.45,1900-01-01 14:30:00
3580,BVMF3,18.25,1900-01-01 14:35:00
3581,BVMF3,18.41,1900-01-01 14:40:00
3582,BVMF3,18.41,1900-01-01 14:45:00
3583,BVMF3,18.56,1900-01-01 14:50:00
3584,BVMF3,18.45,1900-01-01 14:55:00
3585,BVMF3,18.62,1900-01-01 15:00:00
3586,BVMF3,18.64,1900-01-01 15:05:00
3587,BVMF3,18.67,1900-01-01 15:10:00
3588,BVMF3,18.81,1900-01-01 15:15:00
3589,BVMF3,18.74,1900-01-01 15:20:00
3590,BVMF3,18.99,1900-01-01 15:25:00
3591,BVMF3,19.03,1900-01-01 15:30:00
3592,BVMF3,19.43,1900-01-01 15:35:00
3593,BVMF3,19.56,1900-01-01 15:40:00
3594,BVMF3,19.38,1900-01-01 15:45:00
3595,BVMF3,19.23,1900-01-01 15:50:00
3596,BVMF3,19.2,1900-01-01 15:55:00
3597,BVMF3,19.13,1900-01-01 16:00:00
3598,BVMF3,18.83,1900-01-01 16:05:00
3599,BVMF3,19.09,1900-01-01 16:10:00
3600,BVMF3,18.57,1900-01-01 16:15:00
3601,BVMF3,18.98,1900-01-01 16:20:00
3602,BVMF3,18.91,1900-01-01 16:25:00
3603,BVMF3,18.6,1900-01-01 16:30:00
3604,BVMF3,18.51,1900-01-01 16:35:00
3605,BVMF3,18.6,1900-01-01 16:40:00
3606,BVMF3,18.72,1900-01-01 16:45:00
3607,BVMF3,18.98,1900-01-01 16:50:00
3608,BVMF3,18.79,1900-01-01 16:55:00
3609,BVMF3,18.79,1900-01-01 17:00:00
3610,BVMF3,18.79,1900-01-01 17:05:00
3611,BVMF3,18.77,1900-01-01 17:10:00
3612,BVMF3,18.77,1900-01-01 17:15:00
3613,BVMF3,18.77,1900-01-01 17:20:00
3614,BVMF3,18.77,1900-01-01 17:25:00
3615,BVMF3,18.77,1900-01-01 17:30:00
3616,BVMF3,18.4,1900-01-01 17:35:00
3617,BVMF3,18.49,1900-01-01 17:40:00
3618,BVMF3,18.51,1900-01-01 17:45:00
3619,BVMF3,18.6,1900-01-01 17:50:00
3620,BVMF3,18.52,1900-01-01 17:55:00
3621,BVMF3,18.52,1900-01-01 18:00:00
3810,BVMF3,18.74,1900-01-01 10:10:00
3811,BVMF3,18.97,1900-01-01 10:15:00
3812,BVMF3,18.99,1900-01-01 10:20:00
3813,BVMF3,19.15,1900-01-01 10:25:00
3814,BVMF3,19.05,1900-01-01 10:30:00
3815,BVMF3,18.97,1900-01-01 10:35:00
3816,BVMF3,18.99,1900-01-01 10:40:00
3817,BVMF3,18.91,1900-01-01 10:45:00
3818,BVMF3,18.91,1900-01-01 10:50:00
3819,BVMF3,18.92,1900-01-01 10:55:00
3820,BVMF3,18.91,1900-01-01 11:00:00
3821,BVMF3,18.89,1900-01-01 11:05:00
3822,BVMF3,19.11,1900-01-01 11:10:00
3823,BVMF3,19.3,1900-01-01 11:15:00
3824,BVMF3,19.2,1900-01-01 11:20:00
3825,BVMF3,19.24,1900-01-01 11:25:00
3826,BVMF3,19.25,1900-01-01 11:30:00
3827,BVMF3,19.14,1900-01-01 11:35:00
3828,BVMF3,19.11,1900-01-01 11:40:00
3829,BVMF3,19.1,1900-01-01 11:45:00
3830,BVMF3,19.11,1900-01-01 11:50:00
3831,BVMF3,19.09,1900-01-01 11:55:00
3832,BVMF3,19.07,1900-01-01 12:00:00
3833,BVMF3,19.13,1900-01-01 12:05:00
3834,BVMF3,19.17,1900-01-01 12:10:00
3835,BVMF3,19.17,1900-01-01 12:15:00
3836,BVMF3,19.17,1900-01-01 12:20:00
3837,BVMF3,19.28,1900-01-01 12:25:00
3838,BVMF3,19.29,1900-01-01 12:30:00
3839,BVMF3,19.19,1900-01-01 12:35:00
3840,BVMF3,19.1,1900-01-01 12:40:00
3841,BVMF3,18.98,1900-01-01 12:45:00
3842,BVMF3,19.03,1900-01-01 12:50:00
3843,BVMF3,19.01,1900-01-01 12:55:00
3844,BVMF3,19.02,1900-01-01 13:00:00
3845,BVMF3,19.01,1900-01-01 13:05:00
3846,BVMF3,19.04,1900-01-01 13:10:00
3847,BVMF3,19.05,1900-01-01 13:15:00
3848,BVMF3,19.04,1900-01-01 13:20:00
3849,BVMF3,19.05,1900-01-01 13:25:00
3850,BVMF3,19.02,1900-01-01 13:30:00
3851,BVMF3,18.98,1900-01-01 13:35:00
3852,BVMF3,19.04,1900-01-01 13:40:00
3853,BVMF3,19.01,1900-01-01 13:45:00
3854,BVMF3,19.0,1900-01-01 13:50:00
3855,BVMF3,18.9,1900-01-01 13:55:00
3856,BVMF3,18.84,1900-01-01 14:00:00
3857,BVMF3,18.76,1900-01-01 14:05:00
3858,BVMF3,18.77,1900-01-01 14:10:00
3859,BVMF3,18.7,1900-01-01 14:15:00
3860,BVMF3,18.75,1900-01-01 14:20:00
3861,BVMF3,18.74,1900-01-01 14:25:00
3862,BVMF3,18.69,1900-01-01 14:30:00
3863,BVMF3,18.71,1900-01-01 14:35:00
3864,BVMF3,18.69,1900-01-01 14:40:00
3865,BVMF3,18.71,1900-01-01 14:45:00
3866,BVMF3,18.75,1900-01-01 14:50:00
3867,BVMF3,18.74,1900-01-01 14:55:00
3868,BVMF3,18.79,1900-01-01 15:00:00
3869,BVMF3,18.77,1900-01-01 15:05:00
3870,BVMF3,18.81,1900-01-01 15:10:00
3871,BVMF3,19.01,1900-01-01 15:15:00
3872,BVMF3,18.96,1900-01-01 15:20:00
3873,BVMF3,18.96,1900-01-01 15:25:00
3874,BVMF3,18.97,1900-01-01 15:30:00
3875,BVMF3,18.96,1900-01-01 15:35:00
3876,BVMF3,19.04,1900-01-01 15:40:00
3877,BVMF3,19.02,1900-01-01 15:45:00
3878,BVMF3,18.98,1900-01-01 15:50:00
3879,BVMF3,19.01,1900-01-01 15:55:00
3880,BVMF3,18.97,1900-01-01 16:00:00
3881,BVMF3,18.97,1900-01-01 16:05:00
3882,BVMF3,18.79,1900-01-01 16:10:00
3883,BVMF3,18.76,1900-01-01 16:15:00
3884,BVMF3,18.88,1900-01-01 16:20:00
3885,BVMF3,18.91,1900-01-01 16:25:00
3886,BVMF3,18.97,1900-01-01 16:30:00
3887,BVMF3,18.95,1900-01-01 16:35:00
3888,BVMF3,19.06,1900-01-01 16:40:00
3889,BVMF3,19.08,1900-01-01 16:45:00
3890,BVMF3,19.05,1900-01-01 16:50:00
3891,BVMF3,19.14,1900-01-01 16:55:00
3892,BVMF3,19.14,1900-01-01 17:00:00
3893,BVMF3,19.14,1900-01-01 17:05:00
3894,BVMF3,19.15,1900-01-01 17:10:00
3895,BVMF3,19.15,1900-01-01 17:15:00
3896,BVMF3,19.15,1900-01-01 17:20:00
3897,BVMF3,19.15,1900-01-01 17:25:00
3898,BVMF3,19.15,1900-01-01 17:30:00
3899,BVMF3,19.03,1900-01-01 17:35:00
3900,BVMF3,19.03,1900-01-01 17:40:00
3901,BVMF3,19.03,1900-01-01 17:45:00
3902,BVMF3,19.03,1900-01-01 17:50:00
3903,BVMF3,19.03,1900-01-01 17:55:00
3904,BVMF3,18.93,1900-01-01 18:00:00
4095,BVMF3,18.62,1900-01-01 10:10:00
4096,BVMF3,18.71,1900-01-01 10:15:00
4097,BVMF3,18.72,1900-01-01 10:20:00
4098,BVMF3,18.59,1900-01-01 10:25:00
4099,BVMF3,18.6,1900-01-01 10:30:00
4100,BVMF3,18.59,1900-01-01 10:35:00
4101,BVMF3,18.57,1900-01-01 10:40:00
4102,BVMF3,18.61,1900-01-01 10:45:00
4103,BVMF3,18.63,1900-01-01 10:50:00
4104,BVMF3,18.62,1900-01-01 10:55:00
4105,BVMF3,18.62,1900-01-01 11:00:00
4106,BVMF3,18.47,1900-01-01 11:05:00
4107,BVMF3,18.5,1900-01-01 11:10:00
4108,BVMF3,18.45,1900-01-01 11:15:00
4109,BVMF3,18.45,1900-01-01 11:20:00
4110,BVMF3,18.4,1900-01-01 11:25:00
4111,BVMF3,18.44,1900-01-01 11:30:00
4112,BVMF3,18.43,1900-01-01 11:35:00
4113,BVMF3,18.41,1900-01-01 11:40:00
4114,BVMF3,18.36,1900-01-01 11:45:00
4115,BVMF3,18.35,1900-01-01 11:50:00
4116,BVMF3,18.42,1900-01-01 11:55:00
4117,BVMF3,18.42,1900-01-01 12:00:00
4118,BVMF3,18.36,1900-01-01 12:05:00
4119,BVMF3,18.24,1900-01-01 12:10:00
4120,BVMF3,18.18,1900-01-01 12:15:00
4121,BVMF3,18.18,1900-01-01 12:20:00
4122,BVMF3,18.21,1900-01-01 12:25:00
4123,BVMF3,18.14,1900-01-01 12:30:00
4124,BVMF3,18.2,1900-01-01 12:35:00
4125,BVMF3,18.22,1900-01-01 12:40:00
4126,BVMF3,18.14,1900-01-01 12:45:00
4127,BVMF3,18.2,1900-01-01 12:50:00
4128,BVMF3,18.18,1900-01-01 12:55:00
4129,BVMF3,18.27,1900-01-01 13:00:00
4130,BVMF3,18.24,1900-01-01 13:05:00
4131,BVMF3,18.2,1900-01-01 13:10:00
4132,BVMF3,18.16,1900-01-01 13:15:00
4133,BVMF3,18.19,1900-01-01 13:20:00
4134,BVMF3,18.06,1900-01-01 13:25:00
4135,BVMF3,18.03,1900-01-01 13:30:00
4136,BVMF3,18.1,1900-01-01 13:35:00
4137,BVMF3,18.01,1900-01-01 13:40:00
4138,BVMF3,18.0,1900-01-01 13:45:00
4139,BVMF3,18.06,1900-01-01 13:50:00
4140,BVMF3,18.04,1900-01-01 13:55:00
4141,BVMF3,18.02,1900-01-01 14:00:00
4142,BVMF3,18.02,1900-01-01 14:05:00
4143,BVMF3,18.02,1900-01-01 14:10:00
4144,BVMF3,18.09,1900-01-01 14:15:00
4145,BVMF3,18.1,1900-01-01 14:20:00
4146,BVMF3,18.14,1900-01-01 14:25:00
4147,BVMF3,18.11,1900-01-01 14:30:00
4148,BVMF3,18.15,1900-01-01 14:35:00
4149,BVMF3,18.2,1900-01-01 14:40:00
4150,BVMF3,18.2,1900-01-01 14:45:00
4151,BVMF3,18.21,1900-01-01 14:50:00
4152,BVMF3,18.21,1900-01-01 14:55:00
4153,BVMF3,18.21,1900-01-01 15:00:00
4154,BVMF3,18.25,1900-01-01 15:05:00
4155,BVMF3,18.3,1900-01-01 15:10:00
4156,BVMF3,18.32,1900-01-01 15:15:00
4157,BVMF3,18.43,1900-01-01 15:20:00
4158,BVMF3,18.42,1900-01-01 15:25:00
4159,BVMF3,18.4,1900-01-01 15:30:00
4160,BVMF3,18.39,1900-01-01 15:35:00
4161,BVMF3,18.43,1900-01-01 15:40:00
4162,BVMF3,18.38,1900-01-01 15:45:00
4163,BVMF3,18.29,1900-01-01 15:50:00
4164,BVMF3,18.29,1900-01-01 15:55:00
4165,BVMF3,18.31,1900-01-01 16:00:00
4166,BVMF3,18.3,1900-01-01 16:05:00
4167,BVMF3,18.3,1900-01-01 16:10:00
4168,BVMF3,18.31,1900-01-01 16:15:00
4169,BVMF3,18.31,1900-01-01 16:20:00
4170,BVMF3,18.37,1900-01-01 16:25:00
4171,BVMF3,18.33,1900-01-01 16:30:00
4172,BVMF3,18.41,1900-01-01 16:35:00
4173,BVMF3,18.37,1900-01-01 16:40:00
4174,BVMF3,18.37,1900-01-01 16:45:00
4175,BVMF3,18.47,1900-01-01 16:50:00
4176,BVMF3,18.51,1900-01-01 16:55:00
4177,BVMF3,18.51,1900-01-01 17:00:00
4178,BVMF3,18.51,1900-01-01 17:05:00
4179,BVMF3,18.51,1900-01-01 17:10:00
4180,BVMF3,18.51,1900-01-01 17:15:00
4181,BVMF3,18.51,1900-01-01 17:20:00
4182,BVMF3,18.51,1900-01-01 17:25:00
4183,BVMF3,18.51,1900-01-01 17:30:00
4184,BVMF3,18.51,1900-01-01 17:35:00
4185,BVMF3,18.41,1900-01-01 17:40:00
4186,BVMF3,18.41,1900-01-01 17:45:00
4187,BVMF3,18.41,1900-01-01 17:50:00
4188,BVMF3,18.41,1900-01-01 17:55:00
4189,BVMF3,18.52,1900-01-01 18:00:00
4382,BVMF3,18.57,1900-01-01 10:10:00
4383,BVMF3,18.55,1900-01-01 10:15:00
4384,BVMF3,18.51,1900-01-01 10:20:00
4385,BVMF3,18.52,1900-01-01 10:25:00
4386,BVMF3,18.53,1900-01-01 10:30:00
4387,BVMF3,18.56,1900-01-01 10:35:00
4388,BVMF3,18.6,1900-01-01 10:40:00
4389,BVMF3,18.57,1900-01-01 10:45:00
4390,BVMF3,18.52,1900-01-01 10:50:00
4391,BVMF3,18.55,1900-01-01 10:55:00
4392,BVMF3,18.62,1900-01-01 11:00:00
4393,BVMF3,18.67,1900-01-01 11:05:00
4394,BVMF3,18.68,1900-01-01 11:10:00
4395,BVMF3,18.67,1900-01-01 11:15:00
4396,BVMF3,18.69,1900-01-01 11:20:00
4397,BVMF3,18.69,1900-01-01 11:25:00
4398,BVMF3,18.7,1900-01-01 11:30:00
4399,BVMF3,18.68,1900-01-01 11:35:00
4400,BVMF3,18.66,1900-01-01 11:40:00
4401,BVMF3,18.67,1900-01-01 11:45:00
4402,BVMF3,18.69,1900-01-01 11:50:00
4403,BVMF3,18.68,1900-01-01 11:55:00
4404,BVMF3,18.68,1900-01-01 12:00:00
4405,BVMF3,18.68,1900-01-01 12:05:00
4406,BVMF3,18.68,1900-01-01 12:10:00
4407,BVMF3,18.7,1900-01-01 12:15:00
4408,BVMF3,18.7,1900-01-01 12:20:00
4409,BVMF3,18.69,1900-01-01 12:25:00
4410,BVMF3,18.67,1900-01-01 12:30:00
4411,BVMF3,18.67,1900-01-01 12:35:00
4412,BVMF3,18.68,1900-01-01 12:40:00
4413,BVMF3,18.64,1900-01-01 12:45:00
4414,BVMF3,18.59,1900-01-01 12:50:00
4415,BVMF3,18.62,1900-01-01 12:55:00
4416,BVMF3,18.64,1900-01-01 13:00:00
4417,BVMF3,18.61,1900-01-01 13:05:00
4418,BVMF3,18.61,1900-01-01 13:10:00
4419,BVMF3,18.63,1900-01-01 13:15:00
4420,BVMF3,18.65,1900-01-01 13:20:00
4421,BVMF3,18.59,1900-01-01 13:25:00
4422,BVMF3,18.52,1900-01-01 13:30:00
4423,BVMF3,18.54,1900-01-01 13:35:00
4424,BVMF3,18.52,1900-01-01 13:40:00
4425,BVMF3,18.53,1900-01-01 13:45:00
4426,BVMF3,18.52,1900-01-01 13:50:00
4427,BVMF3,18.52,1900-01-01 13:55:00
4428,BVMF3,18.5,1900-01-01 14:00:00
4429,BVMF3,18.5,1900-01-01 14:05:00
4430,BVMF3,18.45,1900-01-01 14:10:00
4431,BVMF3,18.46,1900-01-01 14:15:00
4432,BVMF3,18.47,1900-01-01 14:20:00
4433,BVMF3,18.45,1900-01-01 14:25:00
4434,BVMF3,18.45,1900-01-01 14:30:00
4435,BVMF3,18.45,1900-01-01 14:35:00
4436,BVMF3,18.44,1900-01-01 14:40:00
4437,BVMF3,18.43,1900-01-01 14:45:00
4438,BVMF3,18.45,1900-01-01 14:50:00
4439,BVMF3,18.42,1900-01-01 14:55:00
4440,BVMF3,18.4,1900-01-01 15:00:00
4441,BVMF3,18.42,1900-01-01 15:05:00
4442,BVMF3,18.39,1900-01-01 15:10:00
4443,BVMF3,18.33,1900-01-01 15:15:00
4444,BVMF3,18.32,1900-01-01 15:20:00
4445,BVMF3,18.32,1900-01-01 15:25:00
4446,BVMF3,18.3,1900-01-01 15:30:00
4447,BVMF3,18.31,1900-01-01 15:35:00
4448,BVMF3,18.34,1900-01-01 15:40:00
4449,BVMF3,18.4,1900-01-01 15:45:00
4450,BVMF3,18.44,1900-01-01 15:50:00
4451,BVMF3,18.46,1900-01-01 15:55:00
4452,BVMF3,18.5,1900-01-01 16:00:00
4453,BVMF3,18.4,1900-01-01 16:05:00
4454,BVMF3,18.4,1900-01-01 16:10:00
4455,BVMF3,18.38,1900-01-01 16:15:00
4456,BVMF3,18.41,1900-01-01 16:20:00
4457,BVMF3,18.4,1900-01-01 16:25:00
4458,BVMF3,18.44,1900-01-01 16:30:00
4459,BVMF3,18.5,1900-01-01 16:35:00
4460,BVMF3,18.48,1900-01-01 16:40:00
4461,BVMF3,18.52,1900-01-01 16:45:00
4462,BVMF3,18.55,1900-01-01 16:50:00
4463,BVMF3,18.6,1900-01-01 16:55:00
4464,BVMF3,18.6,1900-01-01 17:00:00
4465,BVMF3,18.6,1900-01-01 17:05:00
4466,BVMF3,18.59,1900-01-01 17:10:00
4467,BVMF3,18.59,1900-01-01 17:15:00
4468,BVMF3,18.59,1900-01-01 17:20:00
4469,BVMF3,18.59,1900-01-01 17:25:00
4470,BVMF3,18.59,1900-01-01 17:30:00
4471,BVMF3,18.59,1900-01-01 17:35:00
4472,BVMF3,18.59,1900-01-01 17:40:00
4473,BVMF3,18.64,1900-01-01 17:45:00
4474,BVMF3,18.67,1900-01-01 17:50:00
4475,BVMF3,18.69,1900-01-01 17:55:00
4667,BVMF3,18.96,1900-01-01 10:10:00
4668,BVMF3,19.04,1900-01-01 10:15:00
4669,BVMF3,18.87,1900-01-01 10:20:00
4670,BVMF3,18.82,1900-01-01 10:25:00
4671,BVMF3,18.81,1900-01-01 10:30:00
4672,BVMF3,18.8,1900-01-01 10:35:00
4673,BVMF3,18.77,1900-01-01 10:40:00
4674,BVMF3,18.77,1900-01-01 10:45:00
4675,BVMF3,18.82,1900-01-01 10:50:00
4676,BVMF3,18.84,1900-01-01 10:55:00
4677,BVMF3,18.85,1900-01-01 11:00:00
4678,BVMF3,18.88,1900-01-01 11:05:00
4679,BVMF3,18.91,1900-01-01 11:10:00
4680,BVMF3,18.95,1900-01-01 11:15:00
4681,BVMF3,18.96,1900-01-01 11:20:00
4682,BVMF3,18.94,1900-01-01 11:25:00
4683,BVMF3,19.01,1900-01-01 11:30:00
4684,BVMF3,19.05,1900-01-01 11:35:00
4685,BVMF3,19.08,1900-01-01 11:40:00
4686,BVMF3,19.19,1900-01-01 11:45:00
4687,BVMF3,19.1,1900-01-01 11:50:00
4688,BVMF3,19.04,1900-01-01 11:55:00
4689,BVMF3,19.08,1900-01-01 12:00:00
4690,BVMF3,19.06,1900-01-01 12:05:00
4691,BVMF3,19.15,1900-01-01 12:10:00
4692,BVMF3,19.15,1900-01-01 12:15:00
4693,BVMF3,19.19,1900-01-01 12:20:00
4694,BVMF3,19.11,1900-01-01 12:25:00
4695,BVMF3,19.11,1900-01-01 12:30:00
4696,BVMF3,19.19,1900-01-01 12:35:00
4697,BVMF3,19.26,1900-01-01 12:40:00
4698,BVMF3,19.25,1900-01-01 12:45:00
4699,BVMF3,19.23,1900-01-01 12:50:00
4700,BVMF3,19.33,1900-01-01 12:55:00
4701,BVMF3,19.37,1900-01-01 13:00:00
4702,BVMF3,19.32,1900-01-01 13:05:00
4703,BVMF3,19.3,1900-01-01 13:10:00
4704,BVMF3,19.27,1900-01-01 13:15:00
4705,BVMF3,19.27,1900-01-01 13:20:00
4706,BVMF3,19.27,1900-01-01 13:25:00
4707,BVMF3,19.24,1900-01-01 13:30:00
4708,BVMF3,19.24,1900-01-01 13:35:00
4709,BVMF3,19.3,1900-01-01 13:40:00
4710,BVMF3,19.32,1900-01-01 13:45:00
4711,BVMF3,19.29,1900-01-01 13:50:00
4712,BVMF3,19.26,1900-01-01 13:55:00
4713,BVMF3,19.15,1900-01-01 14:00:00
4714,BVMF3,19.15,1900-01-01 14:05:00
4715,BVMF3,19.19,1900-01-01 14:10:00
4716,BVMF3,19.18,1900-01-01 14:15:00
4717,BVMF3,19.16,1900-01-01 14:20:00
4718,BVMF3,19.18,1900-01-01 14:25:00
4719,BVMF3,19.19,1900-01-01 14:30:00
4720,BVMF3,19.19,1900-01-01 14:35:00
4721,BVMF3,19.2,1900-01-01 14:40:00
4722,BVMF3,19.2,1900-01-01 14:45:00
4723,BVMF3,19.19,1900-01-01 14:50:00
4724,BVMF3,19.18,1900-01-01 14:55:00
4725,BVMF3,19.18,1900-01-01 15:00:00
4726,BVMF3,19.14,1900-01-01 15:05:00
4727,BVMF3,19.16,1900-01-01 15:10:00
4728,BVMF3,19.16,1900-01-01 15:15:00
4729,BVMF3,19.25,1900-01-01 15:20:00
4730,BVMF3,19.29,1900-01-01 15:25:00
4731,BVMF3,19.2,1900-01-01 15:30:00
4732,BVMF3,19.1,1900-01-01 15:35:00
4733,BVMF3,19.07,1900-01-01 15:40:00
4734,BVMF3,19.01,1900-01-01 15:45:00
4735,BVMF3,19.04,1900-01-01 15:50:00
4736,BVMF3,19.0,1900-01-01 15:55:00
4737,BVMF3,19.01,1900-01-01 16:00:00
4738,BVMF3,19.0,1900-01-01 16:05:00
4739,BVMF3,19.0,1900-01-01 16:10:00
4740,BVMF3,19.0,1900-01-01 16:15:00
4741,BVMF3,18.98,1900-01-01 16:20:00
4742,BVMF3,19.01,1900-01-01 16:25:00
4743,BVMF3,19.0,1900-01-01 16:30:00
4744,BVMF3,18.95,1900-01-01 16:35:00
4745,BVMF3,18.91,1900-01-01 16:40:00
4746,BVMF3,18.89,1900-01-01 16:45:00
4747,BVMF3,18.85,1900-01-01 16:50:00
4748,BVMF3,18.87,1900-01-01 16:55:00
4749,BVMF3,18.87,1900-01-01 17:00:00
4750,BVMF3,18.87,1900-01-01 17:05:00
4751,BVMF3,18.8,1900-01-01 17:10:00
4752,BVMF3,18.8,1900-01-01 17:15:00
4753,BVMF3,18.8,1900-01-01 17:20:00
4754,BVMF3,18.8,1900-01-01 17:25:00
4755,BVMF3,18.8,1900-01-01 17:30:00
4756,BVMF3,18.8,1900-01-01 17:35:00
4757,BVMF3,18.83,1900-01-01 17:40:00
4758,BVMF3,18.83,1900-01-01 17:45:00
4759,BVMF3,18.83,1900-01-01 17:50:00
4760,BVMF3,18.79,1900-01-01 17:55:00
4952,BVMF3,18.87,1900-01-01 10:10:00
4953,BVMF3,18.86,1900-01-01 10:15:00
4954,BVMF3,18.92,1900-01-01 10:20:00
4955,BVMF3,18.86,1900-01-01 10:25:00
4956,BVMF3,18.88,1900-01-01 10:30:00
4957,BVMF3,18.87,1900-01-01 10:35:00
4958,BVMF3,18.93,1900-01-01 10:40:00
4959,BVMF3,18.95,1900-01-01 10:45:00
4960,BVMF3,18.94,1900-01-01 10:50:00
4961,BVMF3,18.95,1900-01-01 10:55:00
4962,BVMF3,18.91,1900-01-01 11:00:00
4963,BVMF3,18.86,1900-01-01 11:05:00
4964,BVMF3,18.89,1900-01-01 11:10:00
4965,BVMF3,18.92,1900-01-01 11:15:00
4966,BVMF3,18.88,1900-01-01 11:20:00
4967,BVMF3,18.83,1900-01-01 11:25:00
4968,BVMF3,18.82,1900-01-01 11:30:00
4969,BVMF3,18.83,1900-01-01 11:35:00
4970,BVMF3,18.83,1900-01-01 11:40:00
4971,BVMF3,18.73,1900-01-01 11:45:00
4972,BVMF3,18.71,1900-01-01 11:50:00
4973,BVMF3,18.64,1900-01-01 11:55:00
4974,BVMF3,18.59,1900-01-01 12:00:00
4975,BVMF3,18.64,1900-01-01 12:05:00
4976,BVMF3,18.67,1900-01-01 12:10:00
4977,BVMF3,18.6,1900-01-01 12:15:00
4978,BVMF3,18.64,1900-01-01 12:20:00
4979,BVMF3,18.56,1900-01-01 12:25:00
4980,BVMF3,18.55,1900-01-01 12:30:00
4981,BVMF3,18.53,1900-01-01 12:35:00
4982,BVMF3,18.48,1900-01-01 12:40:00
4983,BVMF3,18.51,1900-01-01 12:45:00
4984,BVMF3,18.55,1900-01-01 12:50:00
4985,BVMF3,18.53,1900-01-01 12:55:00
4986,BVMF3,18.54,1900-01-01 13:00:00
4987,BVMF3,18.57,1900-01-01 13:05:00
4988,BVMF3,18.55,1900-01-01 13:10:00
4989,BVMF3,18.56,1900-01-01 13:15:00
4990,BVMF3,18.56,1900-01-01 13:20:00
4991,BVMF3,18.57,1900-01-01 13:25:00
4992,BVMF3,18.54,1900-01-01 13:30:00
4993,BVMF3,18.57,1900-01-01 13:35:00
4994,BVMF3,18.53,1900-01-01 13:40:00
4995,BVMF3,18.53,1900-01-01 13:45:00
4996,BVMF3,18.56,1900-01-01 13:50:00
4997,BVMF3,18.54,1900-01-01 13:55:00
4998,BVMF3,18.57,1900-01-01 14:00:00
4999,BVMF3,18.54,1900-01-01 14:05:00
5000,BVMF3,18.58,1900-01-01 14:10:00
5001,BVMF3,18.58,1900-01-01 14:15:00
5002,BVMF3,18.6,1900-01-01 14:20:00
5003,BVMF3,18.69,1900-01-01 14:25:00
5004,BVMF3,18.59,1900-01-01 14:30:00
5005,BVMF3,18.58,1900-01-01 14:35:00
5006,BVMF3,18.58,1900-01-01 14:40:00
5007,BVMF3,18.57,1900-01-01 14:45:00
5008,BVMF3,18.6,1900-01-01 14:50:00
5009,BVMF3,18.6,1900-01-01 14:55:00
5010,BVMF3,18.62,1900-01-01 15:00:00
5011,BVMF3,18.64,1900-01-01 15:05:00
5012,BVMF3,18.61,1900-01-01 15:10:00
5013,BVMF3,18.62,1900-01-01 15:15:00
5014,BVMF3,18.62,1900-01-01 15:20:00
5015,BVMF3,18.63,1900-01-01 15:25:00
5016,BVMF3,18.6,1900-01-01 15:30:00
5017,BVMF3,18.59,1900-01-01 15:35:00
5018,BVMF3,18.6,1900-01-01 15:40:00
5019,BVMF3,18.62,1900-01-01 15:45:00
5020,BVMF3,18.56,1900-01-01 15:50:00
5021,BVMF3,18.57,1900-01-01 15:55:00
5022,BVMF3,18.57,1900-01-01 16:00:00
5023,BVMF3,18.5,1900-01-01 16:05:00
5024,BVMF3,18.56,1900-01-01 16:10:00
5025,BVMF3,18.53,1900-01-01 16:15:00
5026,BVMF3,18.52,1900-01-01 16:20:00
5027,BVMF3,18.51,1900-01-01 16:25:00
5028,BVMF3,18.55,1900-01-01 16:30:00
5029,BVMF3,18.57,1900-01-01 16:35:00
5030,BVMF3,18.57,1900-01-01 16:40:00
5031,BVMF3,18.58,1900-01-01 16:45:00
5032,BVMF3,18.57,1900-01-01 16:50:00
5033,BVMF3,18.55,1900-01-01 16:55:00
5034,BVMF3,18.55,1900-01-01 17:00:00
5035,BVMF3,18.55,1900-01-01 17:05:00
5036,BVMF3,18.53,1900-01-01 17:10:00
5037,BVMF3,18.53,1900-01-01 17:15:00
5038,BVMF3,18.53,1900-01-01 17:20:00
5039,BVMF3,18.53,1900-01-01 17:25:00
5040,BVMF3,18.53,1900-01-01 17:30:00
5041,BVMF3,18.58,1900-01-01 17:35:00
5042,BVMF3,18.6,1900-01-01 17:40:00
5043,BVMF3,18.6,1900-01-01 17:45:00
5044,BVMF3,18.61,1900-01-01 17:50:00
5045,BVMF3,18.61,1900-01-01 17:55:00
5237,BVMF3,18.75,1900-01-01 10:05:00
5238,BVMF3,18.84,1900-01-01 10:10:00
5239,BVMF3,18.87,1900-01-01 10:15:00
5240,BVMF3,18.81,1900-01-01 10:20:00
5241,BVMF3,18.83,1900-01-01 10:25:00
5242,BVMF3,18.82,1900-01-01 10:30:00
5243,BVMF3,18.77,1900-01-01 10:35:00
5244,BVMF3,18.76,1900-01-01 10:40:00
5245,BVMF3,18.8,1900-01-01 10:45:00
5246,BVMF3,18.79,1900-01-01 10:50:00
5247,BVMF3,18.79,1900-01-01 10:55:00
5248,BVMF3,18.77,1900-01-01 11:00:00
5249,BVMF3,18.8,1900-01-01 11:05:00
5250,BVMF3,18.8,1900-01-01 11:10:00
5251,BVMF3,18.79,1900-01-01 11:15:00
5252,BVMF3,18.78,1900-01-01 11:20:00
5253,BVMF3,18.8,1900-01-01 11:25:00
5254,BVMF3,18.78,1900-01-01 11:30:00
5255,BVMF3,18.81,1900-01-01 11:35:00
5256,BVMF3,18.83,1900-01-01 11:40:00
5257,BVMF3,18.79,1900-01-01 11:45:00
5258,BVMF3,18.81,1900-01-01 11:50:00
5259,BVMF3,18.78,1900-01-01 11:55:00
5260,BVMF3,18.82,1900-01-01 12:00:00
5261,BVMF3,18.78,1900-01-01 12:05:00
5262,BVMF3,18.83,1900-01-01 12:10:00
5263,BVMF3,18.79,1900-01-01 12:15:00
5264,BVMF3,18.81,1900-01-01 12:20:00
5265,BVMF3,18.81,1900-01-01 12:25:00
5266,BVMF3,18.8,1900-01-01 12:30:00
5267,BVMF3,18.8,1900-01-01 12:35:00
5268,BVMF3,18.79,1900-01-01 12:40:00
5269,BVMF3,18.83,1900-01-01 12:45:00
5270,BVMF3,18.86,1900-01-01 12:50:00
5271,BVMF3,18.86,1900-01-01 12:55:00
5272,BVMF3,18.84,1900-01-01 13:00:00
5273,BVMF3,18.9,1900-01-01 13:05:00
5274,BVMF3,18.89,1900-01-01 13:10:00
5275,BVMF3,18.9,1900-01-01 13:15:00
5276,BVMF3,18.91,1900-01-01 13:20:00
5277,BVMF3,18.93,1900-01-01 13:25:00
5278,BVMF3,18.92,1900-01-01 13:30:00
5279,BVMF3,18.95,1900-01-01 13:35:00
5280,BVMF3,18.98,1900-01-01 13:40:00
5281,BVMF3,18.97,1900-01-01 13:45:00
5282,BVMF3,18.97,1900-01-01 13:50:00
5283,BVMF3,18.95,1900-01-01 13:55:00
5284,BVMF3,18.95,1900-01-01 14:00:00
5285,BVMF3,18.91,1900-01-01 14:05:00
5286,BVMF3,18.89,1900-01-01 14:10:00
5287,BVMF3,18.95,1900-01-01 14:15:00
5288,BVMF3,18.93,1900-01-01 14:20:00
5289,BVMF3,18.95,1900-01-01 14:25:00
5290,BVMF3,18.94,1900-01-01 14:30:00
5291,BVMF3,18.95,1900-01-01 14:35:00
5292,BVMF3,18.96,1900-01-01 14:40:00
5293,BVMF3,18.98,1900-01-01 14:45:00
5294,BVMF3,18.99,1900-01-01 14:50:00
5295,BVMF3,19.01,1900-01-01 14:55:00
5296,BVMF3,19.01,1900-01-01 15:00:00
5297,BVMF3,19.06,1900-01-01 15:05:00
5298,BVMF3,19.02,1900-01-01 15:10:00
5299,BVMF3,19.03,1900-01-01 15:15:00
5300,BVMF3,19.02,1900-01-01 15:20:00
5301,BVMF3,18.98,1900-01-01 15:25:00
5302,BVMF3,19.01,1900-01-01 15:30:00
5303,BVMF3,18.99,1900-01-01 15:35:00
5304,BVMF3,19.04,1900-01-01 15:40:00
5305,BVMF3,19.05,1900-01-01 15:45:00
5306,BVMF3,19.06,1900-01-01 15:50:00
5307,BVMF3,19.09,1900-01-01 15:55:00
5308,BVMF3,19.09,1900-01-01 16:00:00
5309,BVMF3,19.16,1900-01-01 16:05:00
5310,BVMF3,18.99,1900-01-01 16:10:00
5311,BVMF3,18.97,1900-01-01 16:15:00
5312,BVMF3,18.94,1900-01-01 16:20:00
5313,BVMF3,18.96,1900-01-01 16:25:00
5314,BVMF3,19.08,1900-01-01 16:30:00
5315,BVMF3,19.08,1900-01-01 16:35:00
5316,BVMF3,19.01,1900-01-01 16:40:00
5317,BVMF3,18.98,1900-01-01 16:45:00
5318,BVMF3,19.06,1900-01-01 16:50:00
5319,BVMF3,18.95,1900-01-01 16:55:00
5320,BVMF3,18.95,1900-01-01 17:00:00
5321,BVMF3,18.95,1900-01-01 17:05:00
5322,BVMF3,19.12,1900-01-01 17:10:00
5323,BVMF3,19.12,1900-01-01 17:15:00
5324,BVMF3,19.12,1900-01-01 17:20:00
5325,BVMF3,19.12,1900-01-01 17:25:00
5326,BVMF3,19.12,1900-01-01 17:30:00
5327,BVMF3,19.09,1900-01-01 17:35:00
5328,BVMF3,19.12,1900-01-01 17:40:00
5329,BVMF3,19.07,1900-01-01 17:45:00
5330,BVMF3,19.06,1900-01-01 17:50:00
5331,BVMF3,19.1,1900-01-01 17:55:00
5332,BVMF3,19.12,1900-01-01 18:00:00
5522,BVMF3,18.86,1900-01-01 10:10:00
5523,BVMF3,18.9,1900-01-01 10:15:00
5524,BVMF3,18.91,1900-01-01 10:20:00
5525,BVMF3,18.9,1900-01-01 10:25:00
5526,BVMF3,18.94,1900-01-01 10:30:00
5527,BVMF3,18.91,1900-01-01 10:35:00
5528,BVMF3,18.92,1900-01-01 10:40:00
5529,BVMF3,18.93,1900-01-01 10:45:00
5530,BVMF3,18.92,1900-01-01 10:50:00
5531,BVMF3,18.94,1900-01-01 10:55:00
5532,BVMF3,18.96,1900-01-01 11:00:00
5533,BVMF3,18.92,1900-01-01 11:05:00
5534,BVMF3,18.95,1900-01-01 11:10:00
5535,BVMF3,18.97,1900-01-01 11:15:00
5536,BVMF3,18.96,1900-01-01 11:20:00
5537,BVMF3,18.98,1900-01-01 11:25:00
5538,BVMF3,18.95,1900-01-01 11:30:00
5539,BVMF3,18.97,1900-01-01 11:35:00
5540,BVMF3,18.95,1900-01-01 11:40:00
5541,BVMF3,18.96,1900-01-01 11:45:00
5542,BVMF3,18.95,1900-01-01 11:50:00
5543,BVMF3,18.98,1900-01-01 11:55:00
5544,BVMF3,18.95,1900-01-01 12:00:00
5545,BVMF3,18.93,1900-01-01 12:05:00
5546,BVMF3,18.9,1900-01-01 12:10:00
5547,BVMF3,18.93,1900-01-01 12:15:00
5548,BVMF3,18.94,1900-01-01 12:20:00
5549,BVMF3,18.95,1900-01-01 12:25:00
5550,BVMF3,18.96,1900-01-01 12:30:00
5551,BVMF3,18.96,1900-01-01 12:35:00
5552,BVMF3,18.95,1900-01-01 12:40:00
5553,BVMF3,18.93,1900-01-01 12:45:00
5554,BVMF3,18.9,1900-01-01 12:50:00
5555,BVMF3,18.93,1900-01-01 12:55:00
5556,BVMF3,18.88,1900-01-01 13:00:00
5557,BVMF3,18.91,1900-01-01 13:05:00
5558,BVMF3,18.94,1900-01-01 13:10:00
5559,BVMF3,18.93,1900-01-01 13:15:00
5560,BVMF3,18.97,1900-01-01 13:20:00
5561,BVMF3,18.92,1900-01-01 13:25:00
5562,BVMF3,18.92,1900-01-01 13:30:00
5563,BVMF3,18.9,1900-01-01 13:35:00
5564,BVMF3,18.92,1900-01-01 13:40:00
5565,BVMF3,18.92,1900-01-01 13:45:00
5566,BVMF3,18.9,1900-01-01 13:50:00
5567,BVMF3,18.9,1900-01-01 13:55:00
5568,BVMF3,18.91,1900-01-01 14:00:00
5569,BVMF3,18.91,1900-01-01 14:05:00
5570,BVMF3,18.9,1900-01-01 14:10:00
5571,BVMF3,18.9,1900-01-01 14:15:00
5572,BVMF3,18.9,1900-01-01 14:20:00
5573,BVMF3,18.9,1900-01-01 14:25:00
5574,BVMF3,18.9,1900-01-01 14:30:00
5575,BVMF3,18.91,1900-01-01 14:35:00
5576,BVMF3,18.89,1900-01-01 14:40:00
5577,BVMF3,18.83,1900-01-01 14:45:00
5578,BVMF3,18.85,1900-01-01 14:50:00
5579,BVMF3,18.84,1900-01-01 14:55:00
5580,BVMF3,18.84,1900-01-01 15:00:00
5581,BVMF3,18.84,1900-01-01 15:05:00
5582,BVMF3,18.83,1900-01-01 15:10:00
5583,BVMF3,18.84,1900-01-01 15:15:00
5584,BVMF3,18.84,1900-01-01 15:20:00
5585,BVMF3,18.84,1900-01-01 15:25:00
5586,BVMF3,18.89,1900-01-01 15:30:00
5587,BVMF3,18.93,1900-01-01 15:35:00
5588,BVMF3,18.93,1900-01-01 15:40:00
5589,BVMF3,18.94,1900-01-01 15:45:00
5590,BVMF3,18.93,1900-01-01 15:50:00
5591,BVMF3,18.96,1900-01-01 15:55:00
5592,BVMF3,19.01,1900-01-01 16:00:00
5593,BVMF3,19.01,1900-01-01 16:05:00
5594,BVMF3,19.0,1900-01-01 16:10:00
5595,BVMF3,19.02,1900-01-01 16:15:00
5596,BVMF3,19.01,1900-01-01 16:20:00
5597,BVMF3,18.96,1900-01-01 16:25:00
5598,BVMF3,18.99,1900-01-01 16:30:00
5599,BVMF3,18.95,1900-01-01 16:35:00
5600,BVMF3,18.96,1900-01-01 16:40:00
5601,BVMF3,18.96,1900-01-01 16:45:00
5602,BVMF3,18.95,1900-01-01 16:50:00
5603,BVMF3,18.96,1900-01-01 16:55:00
5604,BVMF3,18.96,1900-01-01 17:00:00
5605,BVMF3,18.96,1900-01-01 17:05:00
5606,BVMF3,19.02,1900-01-01 17:10:00
5607,BVMF3,19.02,1900-01-01 17:15:00
5608,BVMF3,19.02,1900-01-01 17:20:00
5609,BVMF3,19.02,1900-01-01 17:25:00
5610,BVMF3,19.02,1900-01-01 17:30:00
5611,BVMF3,19.04,1900-01-01 17:35:00
5612,BVMF3,19.04,1900-01-01 17:40:00
5613,BVMF3,19.04,1900-01-01 17:45:00
5614,BVMF3,19.02,1900-01-01 17:50:00
5615,BVMF3,19.02,1900-01-01 17:55:00
5616,BVMF3,19.04,1900-01-01 18:00:00
5809,BVMF3,19.16,1900-01-01 10:05:00
5810,BVMF3,19.11,1900-01-01 10:10:00
5811,BVMF3,19.06,1900-01-01 10:15:00
5812,BVMF3,19.07,1900-01-01 10:20:00
5813,BVMF3,19.08,1900-01-01 10:25:00
5814,BVMF3,19.07,1900-01-01 10:30:00
5815,BVMF3,19.08,1900-01-01 10:35:00
5816,BVMF3,19.13,1900-01-01 10:40:00
5817,BVMF3,19.12,1900-01-01 10:45:00
5818,BVMF3,19.14,1900-01-01 10:50:00
5819,BVMF3,19.13,1900-01-01 10:55:00
5820,BVMF3,19.05,1900-01-01 11:00:00
5821,BVMF3,19.02,1900-01-01 11:05:00
5822,BVMF3,18.95,1900-01-01 11:10:00
5823,BVMF3,18.92,1900-01-01 11:15:00
5824,BVMF3,18.9,1900-01-01 11:20:00
5825,BVMF3,18.91,1900-01-01 11:25:00
5826,BVMF3,18.97,1900-01-01 11:30:00
5827,BVMF3,18.99,1900-01-01 11:35:00
5828,BVMF3,18.97,1900-01-01 11:40:00
5829,BVMF3,18.96,1900-01-01 11:45:00
5830,BVMF3,18.95,1900-01-01 11:50:00
5831,BVMF3,18.94,1900-01-01 11:55:00
5832,BVMF3,18.85,1900-01-01 12:00:00
5833,BVMF3,18.9,1900-01-01 12:05:00
5834,BVMF3,18.9,1900-01-01 12:10:00
5835,BVMF3,18.89,1900-01-01 12:15:00
5836,BVMF3,18.92,1900-01-01 12:20:00
5837,BVMF3,18.93,1900-01-01 12:25:00
5838,BVMF3,18.89,1900-01-01 12:30:00
5839,BVMF3,18.89,1900-01-01 12:35:00
5840,BVMF3,18.91,1900-01-01 12:40:00
5841,BVMF3,18.98,1900-01-01 12:45:00
5842,BVMF3,19.02,1900-01-01 12:50:00
5843,BVMF3,18.99,1900-01-01 12:55:00
5844,BVMF3,18.95,1900-01-01 13:00:00
5845,BVMF3,18.96,1900-01-01 13:05:00
5846,BVMF3,18.93,1900-01-01 13:10:00
5847,BVMF3,18.92,1900-01-01 13:15:00
5848,BVMF3,18.94,1900-01-01 13:20:00
5849,BVMF3,18.96,1900-01-01 13:25:00
5850,BVMF3,18.96,1900-01-01 13:30:00
5851,BVMF3,18.98,1900-01-01 13:35:00
5852,BVMF3,18.98,1900-01-01 13:40:00
5853,BVMF3,18.99,1900-01-01 13:45:00
5854,BVMF3,18.96,1900-01-01 13:50:00
5855,BVMF3,18.96,1900-01-01 13:55:00
5856,BVMF3,18.92,1900-01-01 14:00:00
5857,BVMF3,18.93,1900-01-01 14:05:00
5858,BVMF3,18.93,1900-01-01 14:10:00
5859,BVMF3,18.91,1900-01-01 14:15:00
5860,BVMF3,18.91,1900-01-01 14:20:00
5861,BVMF3,18.91,1900-01-01 14:25:00
5862,BVMF3,18.89,1900-01-01 14:30:00
5863,BVMF3,18.93,1900-01-01 14:35:00
5864,BVMF3,18.95,1900-01-01 14:40:00
5865,BVMF3,18.92,1900-01-01 14:45:00
5866,BVMF3,18.97,1900-01-01 14:50:00
5867,BVMF3,18.98,1900-01-01 14:55:00
5868,BVMF3,18.98,1900-01-01 15:00:00
5869,BVMF3,18.99,1900-01-01 15:05:00
5870,BVMF3,19.03,1900-01-01 15:10:00
5871,BVMF3,19.01,1900-01-01 15:15:00
5872,BVMF3,19.01,1900-01-01 15:20:00
5873,BVMF3,18.98,1900-01-01 15:25:00
5874,BVMF3,19.02,1900-01-01 15:30:00
5875,BVMF3,19.0,1900-01-01 15:35:00
5876,BVMF3,19.01,1900-01-01 15:40:00
5877,BVMF3,18.99,1900-01-01 15:45:00
5878,BVMF3,18.98,1900-01-01 15:50:00
5879,BVMF3,18.95,1900-01-01 15:55:00
5880,BVMF3,18.94,1900-01-01 16:00:00
5881,BVMF3,18.95,1900-01-01 16:05:00
5882,BVMF3,18.92,1900-01-01 16:10:00
5883,BVMF3,18.91,1900-01-01 16:15:00
5884,BVMF3,18.91,1900-01-01 16:20:00
5885,BVMF3,18.91,1900-01-01 16:25:00
5886,BVMF3,18.91,1900-01-01 16:30:00
5887,BVMF3,18.96,1900-01-01 16:35:00
5888,BVMF3,18.93,1900-01-01 16:40:00
5889,BVMF3,18.96,1900-01-01 16:45:00
5890,BVMF3,18.95,1900-01-01 16:50:00
5891,BVMF3,19.0,1900-01-01 16:55:00
5892,BVMF3,19.0,1900-01-01 17:00:00
5893,BVMF3,19.0,1900-01-01 17:05:00
5894,BVMF3,18.94,1900-01-01 17:10:00
5895,BVMF3,18.94,1900-01-01 17:15:00
5896,BVMF3,18.94,1900-01-01 17:20:00
5897,BVMF3,18.94,1900-01-01 17:25:00
5898,BVMF3,18.94,1900-01-01 17:30:00
5899,BVMF3,18.95,1900-01-01 17:35:00
5900,BVMF3,18.95,1900-01-01 17:40:00
6092,BVMF3,19.08,1900-01-01 10:05:00
6093,BVMF3,19.06,1900-01-01 10:10:00
6094,BVMF3,19.14,1900-01-01 10:15:00
6095,BVMF3,19.11,1900-01-01 10:20:00
6096,BVMF3,19.0,1900-01-01 10:25:00
6097,BVMF3,19.01,1900-01-01 10:30:00
6098,BVMF3,18.97,1900-01-01 10:35:00
6099,BVMF3,19.0,1900-01-01 10:40:00
6100,BVMF3,19.02,1900-01-01 10:45:00
6101,BVMF3,18.96,1900-01-01 10:50:00
6102,BVMF3,18.97,1900-01-01 10:55:00
6103,BVMF3,18.88,1900-01-01 11:00:00
6104,BVMF3,18.8,1900-01-01 11:05:00
6105,BVMF3,18.76,1900-01-01 11:10:00
6106,BVMF3,18.73,1900-01-01 11:15:00
6107,BVMF3,18.77,1900-01-01 11:20:00
6108,BVMF3,18.75,1900-01-01 11:25:00
6109,BVMF3,18.76,1900-01-01 11:30:00
6110,BVMF3,18.77,1900-01-01 11:35:00
6111,BVMF3,18.71,1900-01-01 11:40:00
6112,BVMF3,18.64,1900-01-01 11:45:00
6113,BVMF3,18.67,1900-01-01 11:50:00
6114,BVMF3,18.77,1900-01-01 11:55:00
6115,BVMF3,18.77,1900-01-01 12:00:00
6116,BVMF3,18.76,1900-01-01 12:05:00
6117,BVMF3,18.76,1900-01-01 12:10:00
6118,BVMF3,18.77,1900-01-01 12:15:00
6119,BVMF3,18.73,1900-01-01 12:20:00
6120,BVMF3,18.75,1900-01-01 12:25:00
6121,BVMF3,18.75,1900-01-01 12:30:00
6122,BVMF3,18.77,1900-01-01 12:35:00
6123,BVMF3,18.73,1900-01-01 12:40:00
6124,BVMF3,18.75,1900-01-01 12:45:00
6125,BVMF3,18.72,1900-01-01 12:50:00
6126,BVMF3,18.74,1900-01-01 12:55:00
6127,BVMF3,18.72,1900-01-01 13:00:00
6128,BVMF3,18.69,1900-01-01 13:05:00
6129,BVMF3,18.69,1900-01-01 13:10:00
6130,BVMF3,18.69,1900-01-01 13:15:00
6131,BVMF3,18.62,1900-01-01 13:20:00
6132,BVMF3,18.64,1900-01-01 13:25:00
6133,BVMF3,18.62,1900-01-01 13:30:00
6134,BVMF3,18.64,1900-01-01 13:35:00
6135,BVMF3,18.62,1900-01-01 13:40:00
6136,BVMF3,18.61,1900-01-01 13:45:00
6137,BVMF3,18.57,1900-01-01 13:50:00
6138,BVMF3,18.59,1900-01-01 13:55:00
6139,BVMF3,18.57,1900-01-01 14:00:00
6140,BVMF3,18.57,1900-01-01 14:05:00
6141,BVMF3,18.6,1900-01-01 14:10:00
6142,BVMF3,18.59,1900-01-01 14:15:00
6143,BVMF3,18.58,1900-01-01 14:20:00
6144,BVMF3,18.56,1900-01-01 14:25:00
6145,BVMF3,18.56,1900-01-01 14:30:00
6146,BVMF3,18.59,1900-01-01 14:35:00
6147,BVMF3,18.57,1900-01-01 14:40:00
6148,BVMF3,18.55,1900-01-01 14:45:00
6149,BVMF3,18.6,1900-01-01 14:50:00
6150,BVMF3,18.6,1900-01-01 14:55:00
6151,BVMF3,18.61,1900-01-01 15:00:00
6152,BVMF3,18.6,1900-01-01 15:05:00
6153,BVMF3,18.64,1900-01-01 15:10:00
6154,BVMF3,18.62,1900-01-01 15:15:00
6155,BVMF3,18.66,1900-01-01 15:20:00
6156,BVMF3,18.68,1900-01-01 15:25:00
6157,BVMF3,18.7,1900-01-01 15:30:00
6158,BVMF3,18.65,1900-01-01 15:35:00
6159,BVMF3,18.66,1900-01-01 15:40:00
6160,BVMF3,18.65,1900-01-01 15:45:00
6161,BVMF3,18.67,1900-01-01 15:50:00
6162,BVMF3,18.76,1900-01-01 15:55:00
6163,BVMF3,18.77,1900-01-01 16:00:00
6164,BVMF3,18.77,1900-01-01 16:05:00
6165,BVMF3,18.71,1900-01-01 16:10:00
6166,BVMF3,18.71,1900-01-01 16:15:00
6167,BVMF3,18.68,1900-01-01 16:20:00
6168,BVMF3,18.65,1900-01-01 16:25:00
6169,BVMF3,18.71,1900-01-01 16:30:00
6170,BVMF3,18.73,1900-01-01 16:35:00
6171,BVMF3,18.72,1900-01-01 16:40:00
6172,BVMF3,18.72,1900-01-01 16:45:00
6173,BVMF3,18.73,1900-01-01 16:50:00
6174,BVMF3,18.65,1900-01-01 16:55:00
6175,BVMF3,18.65,1900-01-01 17:00:00
6176,BVMF3,18.65,1900-01-01 17:05:00
6177,BVMF3,18.42,1900-01-01 17:10:00
6178,BVMF3,18.42,1900-01-01 17:15:00
6179,BVMF3,18.42,1900-01-01 17:20:00
6180,BVMF3,18.42,1900-01-01 17:25:00
6181,BVMF3,18.42,1900-01-01 17:30:00
6182,BVMF3,18.5,1900-01-01 17:35:00
6183,BVMF3,18.51,1900-01-01 17:40:00
6184,BVMF3,18.51,1900-01-01 17:45:00
6185,BVMF3,18.5,1900-01-01 17:50:00
6186,BVMF3,18.46,1900-01-01 17:55:00
6187,BVMF3,18.46,1900-01-01 18:00:00
